timestamp,user_id,age,income,email,credit_score,churn,source_file,content_type,raw_content
2026-05-09T00:21:57.495384,8270.0,46.0,-100.0,user_0@example.com,666.0,0,,,
2026-05-09T00:21:57.495384,1860.0,72.0,-100.0,user_1@example.com,580.0,0,,,
2026-05-09T00:21:57.495384,6390.0,56.0,-100.0,user_2@example.com,427.0,0,,,
2026-05-09T00:21:57.495384,6191.0,20.0,-100.0,user_3@example.com,528.0,0,,,
2026-05-09T00:21:57.495384,6734.0,49.0,-100.0,user_4@example.com,410.0,0,,,
2026-05-09T00:21:57.495384,7265.0,27.0,-100.0,user_5@example.com,435.0,0,,,
2026-05-09T00:21:57.495384,1466.0,27.0,-100.0,user_6@example.com,661.0,0,,,
2026-05-09T00:21:57.495384,5426.0,36.0,-100.0,user_7@example.com,485.0,1,,,
2026-05-09T00:21:57.495384,6578.0,63.0,-100.0,user_8@example.com,428.0,0,,,
2026-05-09T00:21:57.495384,9322.0,51.0,-100.0,user_9@example.com,560.0,0,,,
2026-05-09T00:21:57.495384,2685.0,200.0,-100.0,user_10@example.com,814.0,1,,,
2026-05-09T00:21:57.495384,1769.0,200.0,41927.0,user_11@example.com,748.0,1,,,
2026-05-09T00:21:57.495384,7949.0,200.0,106475.0,user_12@example.com,403.0,0,,,
2026-05-09T00:21:57.495384,3433.0,200.0,81367.0,user_13@example.com,782.0,0,,,
2026-05-09T00:21:57.495384,6311.0,200.0,117955.0,user_14@example.com,523.0,1,,,
2026-05-09T00:21:57.495384,6051.0,200.0,32588.0,user_15@example.com,790.0,1,,,
2026-05-09T00:21:57.495384,7420.0,200.0,141750.0,user_16@example.com,772.0,0,,,
2026-05-09T00:21:57.495384,2184.0,200.0,121678.0,user_17@example.com,309.0,0,,,
2026-05-09T00:21:57.495384,5555.0,200.0,124734.0,user_18@example.com,704.0,0,,,
2026-05-09T00:21:57.495384,4385.0,200.0,138154.0,user_19@example.com,601.0,0,,,
2026-05-09T00:21:57.495384,7396.0,200.0,72233.0,user_20@example.com,530.0,0,,,
2026-05-09T00:21:57.495384,9666.0,74.0,64738.0,user_21@example.com,365.0,0,,,
2026-05-09T00:21:57.495384,3558.0,72.0,53397.0,user_22@example.com,411.0,0,,,
2026-05-09T00:21:57.495384,8849.0,20.0,102189.0,user_23@example.com,312.0,0,,,
2026-05-09T00:21:57.495384,3047.0,41.0,96367.0,user_24@example.com,692.0,0,,,
2026-05-09T00:21:57.495384,3747.0,40.0,144873.0,user_25@example.com,799.0,1,,,
2026-05-09T00:21:57.495384,1189.0,76.0,91260.0,user_26@example.com,533.0,0,,,
2026-05-09T00:21:57.495384,3734.0,78.0,140585.0,user_27@example.com,613.0,0,,,
2026-05-09T00:21:57.495384,4005.0,25.0,96619.0,user_28@example.com,311.0,1,,,
2026-05-09T00:21:57.495384,5658.0,71.0,131453.0,user_29@example.com,508.0,0,,,
2026-05-09T00:21:57.495384,2899.0,74.0,39816.0,user_30@example.com,313.0,0,,,
2026-05-09T00:21:57.495384,8734.0,64.0,62240.0,user_31@example.com,717.0,0,,,
2026-05-09T00:21:57.495384,2267.0,54.0,26276.0,user_32@example.com,736.0,0,,,
2026-05-09T00:21:57.495384,2528.0,20.0,133939.0,user_33@example.com,676.0,1,,,
2026-05-09T00:21:57.495384,4556.0,68.0,124199.0,user_34@example.com,319.0,0,,,
2026-05-09T00:21:57.495384,4890.0,50.0,99530.0,user_35@example.com,369.0,0,,,
2026-05-09T00:21:57.495384,9838.0,45.0,43499.0,user_36@example.com,510.0,0,,,
2026-05-09T00:21:57.495384,6393.0,64.0,108576.0,user_37@example.com,400.0,0,,,
2026-05-09T00:21:57.495384,9792.0,25.0,128856.0,user_38@example.com,431.0,1,,,
2026-05-09T00:21:57.495384,9433.0,51.0,102495.0,user_39@example.com,680.0,0,,,
2026-05-09T00:21:57.495384,8513.0,52.0,141717.0,user_40@example.com,431.0,0,,,
2026-05-09T00:21:57.495384,3612.0,49.0,91635.0,user_41@example.com,319.0,0,,,
2026-05-09T00:21:57.495384,8041.0,41.0,127803.0,user_42@example.com,835.0,0,,,
2026-05-09T00:21:57.495384,7235.0,31.0,105112.0,user_43@example.com,526.0,0,,,
2026-05-09T00:21:57.495384,6486.0,49.0,55946.0,user_44@example.com,453.0,0,,,
2026-05-09T00:21:57.495384,8099.0,73.0,75204.0,user_45@example.com,768.0,0,,,
2026-05-09T00:21:57.495384,1775.0,63.0,71886.0,user_46@example.com,704.0,0,,,
2026-05-09T00:21:57.495384,9226.0,60.0,91652.0,user_47@example.com,501.0,0,,,
2026-05-09T00:21:57.495384,4152.0,33.0,35563.0,user_48@example.com,337.0,0,,,
2026-05-09T00:21:57.495384,2585.0,21.0,112324.0,user_49@example.com,487.0,0,,,
2026-05-09T00:21:57.495384,4943.0,69.0,112464.0,user_50@example.com,356.0,1,,,
2026-05-09T00:21:57.495384,8555.0,54.0,121872.0,user_51@example.com,319.0,0,,,
2026-05-09T00:21:57.495384,4073.0,71.0,29847.0,user_52@example.com,572.0,0,,,
2026-05-09T00:21:57.495384,2021.0,38.0,46155.0,user_53@example.com,418.0,0,,,
2026-05-09T00:21:57.495384,4843.0,31.0,99671.0,user_54@example.com,815.0,0,,,
2026-05-09T00:21:57.495384,8989.0,48.0,136891.0,user_55@example.com,520.0,0,,,
2026-05-09T00:21:57.495384,7873.0,72.0,103310.0,user_56@example.com,825.0,0,,,
2026-05-09T00:21:57.495384,6675.0,65.0,87278.0,user_57@example.com,814.0,0,,,
2026-05-09T00:21:57.495384,1161.0,35.0,38309.0,user_58@example.com,635.0,0,,,
2026-05-09T00:21:57.495384,5297.0,24.0,20619.0,user_59@example.com,354.0,1,,,
2026-05-09T00:21:57.495384,1995.0,27.0,103194.0,user_60@example.com,799.0,1,,,
2026-05-09T00:21:57.495384,8629.0,24.0,70108.0,user_61@example.com,835.0,0,,,
2026-05-09T00:21:57.495384,2016.0,50.0,54707.0,user_62@example.com,461.0,0,,,
2026-05-09T00:21:57.495384,8869.0,40.0,40337.0,user_63@example.com,458.0,0,,,
2026-05-09T00:21:57.495384,7439.0,38.0,145261.0,user_64@example.com,487.0,0,,,
2026-05-09T00:21:57.495384,8892.0,36.0,101537.0,user_65@example.com,359.0,1,,,
2026-05-09T00:21:57.495384,7863.0,65.0,86504.0,user_66@example.com,618.0,0,,,
2026-05-09T00:21:57.495384,8916.0,78.0,67614.0,user_67@example.com,510.0,0,,,
2026-05-09T00:21:57.495384,9529.0,36.0,111428.0,user_68@example.com,705.0,0,,,
2026-05-09T00:21:57.495384,1878.0,53.0,111155.0,user_69@example.com,408.0,0,,,
2026-05-09T00:21:57.495384,5887.0,46.0,20281.0,user_70@example.com,375.0,0,,,
2026-05-09T00:21:57.495384,5859.0,77.0,47420.0,user_71@example.com,841.0,0,,,
2026-05-09T00:21:57.495384,7331.0,35.0,100896.0,user_72@example.com,613.0,0,,,
2026-05-09T00:21:57.495384,9571.0,19.0,59030.0,user_73@example.com,416.0,0,,,
2026-05-09T00:21:57.495384,9684.0,18.0,21058.0,user_74@example.com,318.0,0,,,
2026-05-09T00:21:57.495384,8208.0,64.0,106213.0,user_75@example.com,731.0,0,,,
2026-05-09T00:21:57.495384,6276.0,22.0,96260.0,user_76@example.com,649.0,0,,,
2026-05-09T00:21:57.495384,3062.0,37.0,48404.0,user_77@example.com,482.0,0,,,
2026-05-09T00:21:57.495384,1064.0,28.0,123482.0,user_78@example.com,412.0,0,,,
2026-05-09T00:21:57.495384,9006.0,59.0,125284.0,user_79@example.com,482.0,0,,,
2026-05-09T00:21:57.495384,3568.0,19.0,49856.0,user_80@example.com,780.0,0,,,
2026-05-09T00:21:57.495384,6463.0,20.0,29200.0,user_81@example.com,445.0,1,,,
2026-05-09T00:21:57.495384,3027.0,40.0,84178.0,user_82@example.com,412.0,0,,,
2026-05-09T00:21:57.495384,3695.0,72.0,53997.0,user_83@example.com,775.0,0,,,
2026-05-09T00:21:57.495384,6258.0,29.0,45611.0,user_84@example.com,602.0,0,,,
2026-05-09T00:21:57.495384,6618.0,37.0,139273.0,user_85@example.com,417.0,0,,,
2026-05-09T00:21:57.495384,7736.0,22.0,61235.0,user_86@example.com,460.0,0,,,
2026-05-09T00:21:57.495384,1391.0,54.0,137428.0,user_87@example.com,700.0,0,,,
2026-05-09T00:21:57.495384,6892.0,55.0,55057.0,user_88@example.com,497.0,1,,,
2026-05-09T00:21:57.495384,4561.0,47.0,21239.0,user_89@example.com,559.0,0,,,
2026-05-09T00:21:57.495384,7184.0,26.0,123674.0,user_90@example.com,346.0,0,,,
2026-05-09T00:21:57.495384,4099.0,51.0,134474.0,user_91@example.com,698.0,0,,,
2026-05-09T00:21:57.495384,7278.0,70.0,85661.0,user_92@example.com,377.0,0,,,
2026-05-09T00:21:57.495384,9392.0,61.0,146945.0,user_93@example.com,423.0,1,,,
2026-05-09T00:21:57.495384,4104.0,52.0,65272.0,user_94@example.com,374.0,0,,,
2026-05-09T00:21:57.495384,8215.0,69.0,109393.0,user_95@example.com,436.0,0,,,
2026-05-09T00:21:57.495384,3454.0,75.0,81212.0,user_96@example.com,699.0,1,,,
2026-05-09T00:21:57.495384,9996.0,39.0,144088.0,user_97@example.com,804.0,0,,,
2026-05-09T00:21:57.495384,3731.0,61.0,35398.0,user_98@example.com,799.0,0,,,
2026-05-09T00:21:57.495384,9154.0,41.0,140030.0,user_99@example.com,437.0,0,,,
2026-05-09T00:21:57.495384,6056.0,34.0,76503.0,user_100@example.com,349.0,0,,,
2026-05-09T00:21:57.495384,9110.0,27.0,26638.0,user_101@example.com,553.0,0,,,
2026-05-09T00:21:57.495384,4840.0,47.0,26570.0,user_102@example.com,725.0,0,,,
2026-05-09T00:21:57.495384,2028.0,73.0,88785.0,user_103@example.com,846.0,0,,,
2026-05-09T00:21:57.495384,8385.0,76.0,29110.0,user_104@example.com,601.0,0,,,
2026-05-09T00:21:57.495384,1502.0,63.0,125899.0,user_105@example.com,648.0,0,,,
2026-05-09T00:21:57.495384,7910.0,40.0,99141.0,user_106@example.com,348.0,0,,,
2026-05-09T00:21:57.495384,7938.0,49.0,32115.0,user_107@example.com,373.0,0,,,
2026-05-09T00:21:57.495384,5488.0,34.0,59062.0,user_108@example.com,560.0,0,,,
2026-05-09T00:21:57.495384,1206.0,67.0,42911.0,user_109@example.com,655.0,0,,,
2026-05-09T00:21:57.495384,6134.0,68.0,124061.0,user_110@example.com,559.0,0,,,
2026-05-09T00:21:57.495384,6977.0,34.0,52556.0,user_111@example.com,594.0,0,,,
2026-05-09T00:21:57.495384,8721.0,31.0,98131.0,user_112@example.com,612.0,0,,,
2026-05-09T00:21:57.495384,8035.0,26.0,148335.0,user_113@example.com,481.0,1,,,
2026-05-09T00:21:57.495384,2484.0,57.0,21969.0,user_114@example.com,663.0,0,,,
2026-05-09T00:21:57.495384,8858.0,19.0,63753.0,user_115@example.com,487.0,0,,,
2026-05-09T00:21:57.495384,1863.0,62.0,102811.0,user_116@example.com,842.0,0,,,
2026-05-09T00:21:57.495384,3790.0,42.0,24470.0,user_117@example.com,847.0,0,,,
2026-05-09T00:21:57.495384,8408.0,56.0,141863.0,user_118@example.com,707.0,0,,,
2026-05-09T00:21:57.495384,9755.0,26.0,30225.0,user_119@example.com,713.0,1,,,
2026-05-09T00:21:57.495384,6116.0,71.0,127860.0,user_120@example.com,641.0,0,,,
2026-05-09T00:21:57.495384,7019.0,39.0,143008.0,user_121@example.com,519.0,0,,,
2026-05-09T00:21:57.495384,2757.0,60.0,127510.0,user_122@example.com,462.0,0,,,
2026-05-09T00:21:57.495384,8574.0,63.0,128295.0,user_123@example.com,519.0,0,,,
2026-05-09T00:21:57.495384,7374.0,21.0,43196.0,user_124@example.com,569.0,0,,,
2026-05-09T00:21:57.495384,7892.0,43.0,125823.0,user_125@example.com,699.0,0,,,
2026-05-09T00:21:57.495384,2678.0,75.0,33669.0,user_126@example.com,481.0,0,,,
2026-05-09T00:21:57.495384,4242.0,46.0,57380.0,user_127@example.com,504.0,0,,,
2026-05-09T00:21:57.495384,5636.0,62.0,144398.0,user_128@example.com,527.0,0,,,
2026-05-09T00:21:57.495384,2059.0,51.0,130677.0,user_129@example.com,549.0,0,,,
2026-05-09T00:21:57.495384,7668.0,40.0,135886.0,user_130@example.com,740.0,1,,,
2026-05-09T00:21:57.495384,4157.0,54.0,146753.0,user_131@example.com,832.0,0,,,
2026-05-09T00:21:57.495384,6915.0,28.0,68320.0,user_132@example.com,495.0,1,,,
2026-05-09T00:21:57.495384,3693.0,23.0,67414.0,user_133@example.com,818.0,0,,,
2026-05-09T00:21:57.495384,4627.0,35.0,123542.0,user_134@example.com,369.0,1,,,
2026-05-09T00:21:57.495384,6450.0,38.0,35577.0,user_135@example.com,698.0,1,,,
2026-05-09T00:21:57.495384,2663.0,59.0,145354.0,user_136@example.com,502.0,0,,,
2026-05-09T00:21:57.495384,6592.0,53.0,108009.0,user_137@example.com,447.0,0,,,
2026-05-09T00:21:57.495384,8392.0,58.0,146365.0,user_138@example.com,771.0,0,,,
2026-05-09T00:21:57.495384,2306.0,55.0,75409.0,user_139@example.com,498.0,1,,,
2026-05-09T00:21:57.495384,7776.0,51.0,48625.0,user_140@example.com,725.0,0,,,
2026-05-09T00:21:57.495384,6864.0,34.0,101040.0,user_141@example.com,791.0,0,,,
2026-05-09T00:21:57.495384,8526.0,54.0,44089.0,user_142@example.com,441.0,0,,,
2026-05-09T00:21:57.495384,9901.0,42.0,56487.0,user_143@example.com,612.0,1,,,
2026-05-09T00:21:57.495384,6575.0,55.0,85838.0,user_144@example.com,464.0,1,,,
2026-05-09T00:21:57.495384,6530.0,75.0,116999.0,user_145@example.com,613.0,1,,,
2026-05-09T00:21:57.495384,5413.0,29.0,130448.0,user_146@example.com,320.0,0,,,
2026-05-09T00:21:57.495384,4748.0,40.0,114795.0,user_147@example.com,381.0,0,,,
2026-05-09T00:21:57.495384,1663.0,70.0,70138.0,user_148@example.com,430.0,0,,,
2026-05-09T00:21:57.495384,2998.0,59.0,62823.0,user_149@example.com,604.0,0,,,
2026-05-09T00:21:57.495384,8994.0,39.0,57208.0,user_150@example.com,670.0,0,,,
2026-05-09T00:21:57.495384,2495.0,38.0,74061.0,user_151@example.com,683.0,0,,,
2026-05-09T00:21:57.495384,4304.0,44.0,50659.0,user_152@example.com,744.0,0,,,
2026-05-09T00:21:57.495384,4763.0,74.0,149824.0,user_153@example.com,724.0,0,,,
2026-05-09T00:21:57.495384,6232.0,48.0,121376.0,user_154@example.com,460.0,1,,,
2026-05-09T00:21:57.495384,2853.0,23.0,51890.0,user_155@example.com,477.0,0,,,
2026-05-09T00:21:57.495384,7585.0,44.0,99134.0,user_156@example.com,789.0,1,,,
2026-05-09T00:21:57.495384,2291.0,57.0,67055.0,user_157@example.com,626.0,0,,,
2026-05-09T00:21:57.495384,4581.0,51.0,132269.0,user_158@example.com,588.0,0,,,
2026-05-09T00:21:57.495384,8554.0,29.0,39508.0,user_159@example.com,653.0,0,,,
2026-05-09T00:21:57.495384,8280.0,62.0,62287.0,user_160@example.com,327.0,0,,,
2026-05-09T00:21:57.495384,2636.0,74.0,98916.0,user_161@example.com,342.0,0,,,
2026-05-09T00:21:57.495384,4696.0,70.0,46984.0,user_162@example.com,722.0,0,,,
2026-05-09T00:21:57.495384,1698.0,24.0,130169.0,user_163@example.com,476.0,0,,,
2026-05-09T00:21:57.495384,5737.0,27.0,28125.0,user_164@example.com,828.0,0,,,
2026-05-09T00:21:57.495384,1854.0,62.0,56059.0,user_165@example.com,793.0,0,,,
2026-05-09T00:21:57.495384,9164.0,34.0,89569.0,user_166@example.com,497.0,1,,,
2026-05-09T00:21:57.495384,6855.0,43.0,123409.0,user_167@example.com,816.0,0,,,
2026-05-09T00:21:57.495384,8392.0,38.0,37087.0,user_168@example.com,813.0,0,,,
2026-05-09T00:21:57.495384,7528.0,45.0,126437.0,user_169@example.com,321.0,0,,,
2026-05-09T00:21:57.495384,6249.0,79.0,135262.0,user_170@example.com,411.0,0,,,
2026-05-09T00:21:57.495384,6172.0,75.0,25704.0,user_171@example.com,356.0,0,,,
2026-05-09T00:21:57.495384,2707.0,63.0,80576.0,user_172@example.com,365.0,0,,,
2026-05-09T00:21:57.495384,6791.0,19.0,93384.0,user_173@example.com,397.0,1,,,
2026-05-09T00:21:57.495384,6535.0,77.0,107128.0,user_174@example.com,443.0,0,,,
2026-05-09T00:21:57.495384,5931.0,71.0,131279.0,user_175@example.com,734.0,1,,,
2026-05-09T00:21:57.495384,4510.0,60.0,92460.0,user_176@example.com,385.0,1,,,
2026-05-09T00:21:57.495384,1202.0,18.0,47208.0,user_177@example.com,643.0,0,,,
2026-05-09T00:21:57.495384,5218.0,68.0,138516.0,user_178@example.com,593.0,0,,,
2026-05-09T00:21:57.495384,9958.0,70.0,149612.0,user_179@example.com,542.0,1,,,
2026-05-09T00:21:57.495384,5389.0,53.0,105150.0,user_180@example.com,331.0,0,,,
2026-05-09T00:21:57.495384,3327.0,68.0,86024.0,user_181@example.com,690.0,0,,,
2026-05-09T00:21:57.495384,9004.0,43.0,59882.0,user_182@example.com,576.0,1,,,
2026-05-09T00:21:57.495384,3931.0,46.0,45923.0,user_183@example.com,831.0,0,,,
2026-05-09T00:21:57.495384,8777.0,38.0,146561.0,user_184@example.com,453.0,0,,,
2026-05-09T00:21:57.495384,1197.0,28.0,134044.0,user_185@example.com,682.0,0,,,
2026-05-09T00:21:57.495384,8125.0,57.0,121477.0,user_186@example.com,367.0,0,,,
2026-05-09T00:21:57.495384,2930.0,28.0,49165.0,user_187@example.com,513.0,0,,,
2026-05-09T00:21:57.495384,7287.0,53.0,87203.0,user_188@example.com,675.0,0,,,
2026-05-09T00:21:57.495384,9800.0,66.0,111749.0,user_189@example.com,512.0,0,,,
2026-05-09T00:21:57.495384,5282.0,76.0,24114.0,user_190@example.com,378.0,0,,,
2026-05-09T00:21:57.495384,3511.0,56.0,84965.0,user_191@example.com,680.0,0,,,
2026-05-09T00:21:57.495384,1659.0,57.0,56321.0,user_192@example.com,357.0,0,,,
2026-05-09T00:21:57.495384,3811.0,52.0,93297.0,user_193@example.com,325.0,0,,,
2026-05-09T00:21:57.495384,8098.0,71.0,116652.0,user_194@example.com,746.0,0,,,
2026-05-09T00:21:57.495384,7546.0,51.0,119304.0,user_195@example.com,365.0,0,,,
2026-05-09T00:21:57.495384,2986.0,72.0,133942.0,user_196@example.com,553.0,0,,,
2026-05-09T00:21:57.495384,9338.0,64.0,45426.0,user_197@example.com,343.0,0,,,
2026-05-09T00:21:57.495384,3911.0,41.0,37772.0,user_198@example.com,396.0,1,,,
2026-05-09T00:21:57.495384,2734.0,71.0,123754.0,user_199@example.com,526.0,0,,,
2026-05-09T00:21:57.495384,2843.0,39.0,23712.0,user_200@example.com,735.0,0,,,
2026-05-09T00:21:57.495384,9680.0,22.0,21367.0,user_201@example.com,678.0,0,,,
2026-05-09T00:21:57.495384,3976.0,73.0,126493.0,user_202@example.com,477.0,0,,,
2026-05-09T00:21:57.495384,2959.0,50.0,127317.0,user_203@example.com,726.0,0,,,
2026-05-09T00:21:57.495384,6759.0,75.0,135142.0,user_204@example.com,606.0,0,,,
2026-05-09T00:21:57.495384,7694.0,53.0,111736.0,user_205@example.com,803.0,0,,,
2026-05-09T00:21:57.495384,3385.0,64.0,71924.0,user_206@example.com,567.0,0,,,
2026-05-09T00:21:57.495384,5736.0,37.0,23726.0,user_207@example.com,307.0,0,,,
2026-05-09T00:21:57.495384,2802.0,36.0,109152.0,user_208@example.com,807.0,0,,,
2026-05-09T00:21:57.495384,9155.0,52.0,47723.0,user_209@example.com,775.0,0,,,
2026-05-09T00:21:57.495384,9120.0,69.0,146969.0,user_210@example.com,596.0,0,,,
2026-05-09T00:21:57.495384,7616.0,60.0,123110.0,user_211@example.com,463.0,0,,,
2026-05-09T00:21:57.495384,6534.0,34.0,120494.0,user_212@example.com,784.0,0,,,
2026-05-09T00:21:57.495384,5061.0,79.0,29108.0,user_213@example.com,371.0,0,,,
2026-05-09T00:21:57.495384,1262.0,76.0,97714.0,user_214@example.com,537.0,0,,,
2026-05-09T00:21:57.495384,7287.0,62.0,55643.0,user_215@example.com,403.0,0,,,
2026-05-09T00:21:57.495384,9815.0,60.0,51324.0,user_216@example.com,509.0,0,,,
2026-05-09T00:21:57.495384,3049.0,51.0,123896.0,user_217@example.com,767.0,0,,,
2026-05-09T00:21:57.495384,6423.0,26.0,103360.0,user_218@example.com,753.0,0,,,
2026-05-09T00:21:57.495384,5548.0,43.0,130896.0,user_219@example.com,567.0,0,,,
2026-05-09T00:21:57.495384,4108.0,19.0,28927.0,user_220@example.com,685.0,1,,,
2026-05-09T00:21:57.495384,8158.0,70.0,113680.0,user_221@example.com,686.0,0,,,
2026-05-09T00:21:57.495384,8400.0,26.0,116546.0,user_222@example.com,558.0,0,,,
2026-05-09T00:21:57.495384,4170.0,26.0,42443.0,user_223@example.com,582.0,0,,,
2026-05-09T00:21:57.495384,3255.0,57.0,99973.0,user_224@example.com,339.0,0,,,
2026-05-09T00:21:57.495384,2154.0,34.0,83449.0,user_225@example.com,785.0,0,,,
2026-05-09T00:21:57.495384,5499.0,18.0,129834.0,user_226@example.com,519.0,0,,,
2026-05-09T00:21:57.495384,7295.0,42.0,125314.0,user_227@example.com,428.0,0,,,
2026-05-09T00:21:57.495384,7197.0,78.0,96743.0,user_228@example.com,819.0,1,,,
2026-05-09T00:21:57.495384,2648.0,60.0,141805.0,user_229@example.com,559.0,0,,,
2026-05-09T00:21:57.495384,6539.0,57.0,80233.0,user_230@example.com,665.0,1,,,
2026-05-09T00:21:57.495384,5199.0,59.0,45537.0,user_231@example.com,843.0,0,,,
2026-05-09T00:21:57.495384,9445.0,42.0,121293.0,user_232@example.com,823.0,0,,,
2026-05-09T00:21:57.495384,3557.0,56.0,97576.0,user_233@example.com,315.0,0,,,
2026-05-09T00:21:57.495384,6592.0,52.0,127522.0,user_234@example.com,428.0,0,,,
2026-05-09T00:21:57.495384,1098.0,20.0,42612.0,user_235@example.com,408.0,0,,,
2026-05-09T00:21:57.495384,3200.0,67.0,113977.0,user_236@example.com,832.0,0,,,
2026-05-09T00:21:57.495384,3961.0,54.0,26471.0,user_237@example.com,568.0,0,,,
2026-05-09T00:21:57.495384,5973.0,61.0,55631.0,user_238@example.com,461.0,0,,,
2026-05-09T00:21:57.495384,5433.0,61.0,148449.0,user_239@example.com,559.0,0,,,
2026-05-09T00:21:57.495384,3869.0,68.0,128997.0,user_240@example.com,401.0,1,,,
2026-05-09T00:21:57.495384,1956.0,47.0,112059.0,user_241@example.com,805.0,0,,,
2026-05-09T00:21:57.495384,9352.0,55.0,51348.0,user_242@example.com,546.0,1,,,
2026-05-09T00:21:57.495384,6699.0,51.0,84732.0,user_243@example.com,836.0,1,,,
2026-05-09T00:21:57.495384,7944.0,29.0,21177.0,user_244@example.com,430.0,1,,,
2026-05-09T00:21:57.495384,5493.0,36.0,24760.0,user_245@example.com,652.0,0,,,
2026-05-09T00:21:57.495384,5911.0,54.0,52779.0,user_246@example.com,495.0,0,,,
2026-05-09T00:21:57.495384,4987.0,61.0,41636.0,user_247@example.com,681.0,1,,,
2026-05-09T00:21:57.495384,7015.0,76.0,101889.0,user_248@example.com,526.0,0,,,
2026-05-09T00:21:57.495384,2218.0,76.0,73551.0,user_249@example.com,775.0,0,,,
2026-05-09T00:21:57.495384,5496.0,66.0,31556.0,user_250@example.com,776.0,0,,,
2026-05-09T00:21:57.495384,5735.0,78.0,47598.0,user_251@example.com,564.0,0,,,
2026-05-09T00:21:57.495384,5555.0,34.0,31563.0,user_252@example.com,671.0,0,,,
2026-05-09T00:21:57.495384,9050.0,27.0,66819.0,user_253@example.com,785.0,0,,,
2026-05-09T00:21:57.495384,4446.0,74.0,129326.0,user_254@example.com,733.0,1,,,
2026-05-09T00:21:57.495384,2045.0,72.0,93770.0,user_255@example.com,510.0,0,,,
2026-05-09T00:21:57.495384,7893.0,66.0,111055.0,user_256@example.com,676.0,1,,,
2026-05-09T00:21:57.495384,2693.0,64.0,46966.0,user_257@example.com,694.0,0,,,
2026-05-09T00:21:57.495384,4436.0,29.0,140133.0,user_258@example.com,749.0,0,,,
2026-05-09T00:21:57.495384,9754.0,79.0,101709.0,user_259@example.com,663.0,0,,,
2026-05-09T00:21:57.495384,6895.0,33.0,79889.0,user_260@example.com,756.0,0,,,
2026-05-09T00:21:57.495384,4354.0,41.0,46987.0,user_261@example.com,525.0,1,,,
2026-05-09T00:21:57.495384,1225.0,36.0,98714.0,user_262@example.com,430.0,0,,,
2026-05-09T00:21:57.495384,5893.0,25.0,124874.0,user_263@example.com,775.0,0,,,
2026-05-09T00:21:57.495384,8022.0,48.0,78348.0,user_264@example.com,576.0,0,,,
2026-05-09T00:21:57.495384,6600.0,38.0,44596.0,user_265@example.com,455.0,0,,,
2026-05-09T00:21:57.495384,8996.0,34.0,53174.0,user_266@example.com,517.0,0,,,
2026-05-09T00:21:57.495384,8683.0,40.0,84106.0,user_267@example.com,489.0,0,,,
2026-05-09T00:21:57.495384,5642.0,54.0,127510.0,user_268@example.com,716.0,0,,,
2026-05-09T00:21:57.495384,8679.0,71.0,89967.0,user_269@example.com,845.0,1,,,
2026-05-09T00:21:57.495384,9208.0,33.0,79182.0,user_270@example.com,340.0,0,,,
2026-05-09T00:21:57.495384,8339.0,23.0,113300.0,user_271@example.com,606.0,0,,,
2026-05-09T00:21:57.495384,3205.0,25.0,107163.0,user_272@example.com,637.0,0,,,
2026-05-09T00:21:57.495384,2069.0,42.0,59310.0,user_273@example.com,613.0,0,,,
2026-05-09T00:21:57.495384,4444.0,35.0,76088.0,user_274@example.com,374.0,0,,,
2026-05-09T00:21:57.495384,2060.0,42.0,148803.0,user_275@example.com,578.0,0,,,
2026-05-09T00:21:57.495384,3327.0,29.0,28906.0,user_276@example.com,475.0,0,,,
2026-05-09T00:21:57.495384,4420.0,32.0,56914.0,user_277@example.com,572.0,1,,,
2026-05-09T00:21:57.495384,1301.0,76.0,130350.0,user_278@example.com,588.0,0,,,
2026-05-09T00:21:57.495384,1606.0,43.0,65379.0,user_279@example.com,571.0,0,,,
2026-05-09T00:21:57.495384,4170.0,58.0,98612.0,user_280@example.com,365.0,0,,,
2026-05-09T00:21:57.495384,1699.0,62.0,134828.0,user_281@example.com,782.0,0,,,
2026-05-09T00:21:57.495384,6088.0,43.0,147445.0,user_282@example.com,547.0,0,,,
2026-05-09T00:21:57.495384,1190.0,64.0,57650.0,user_283@example.com,455.0,0,,,
2026-05-09T00:21:57.495384,1980.0,49.0,66881.0,user_284@example.com,346.0,1,,,
2026-05-09T00:21:57.495384,3975.0,27.0,66413.0,user_285@example.com,753.0,1,,,
2026-05-09T00:21:57.495384,7102.0,33.0,26012.0,user_286@example.com,500.0,1,,,
2026-05-09T00:21:57.495384,2184.0,24.0,70115.0,user_287@example.com,423.0,0,,,
2026-05-09T00:21:57.495384,4327.0,34.0,27151.0,user_288@example.com,300.0,0,,,
2026-05-09T00:21:57.495384,4394.0,40.0,77716.0,user_289@example.com,490.0,0,,,
2026-05-09T00:21:57.495384,9319.0,43.0,113747.0,user_290@example.com,815.0,1,,,
2026-05-09T00:21:57.495384,2816.0,38.0,112653.0,user_291@example.com,741.0,0,,,
2026-05-09T00:21:57.495384,6854.0,39.0,56378.0,user_292@example.com,442.0,1,,,
2026-05-09T00:21:57.495384,7709.0,75.0,62652.0,user_293@example.com,490.0,0,,,
2026-05-09T00:21:57.495384,1569.0,24.0,92430.0,user_294@example.com,832.0,0,,,
2026-05-09T00:21:57.495384,6442.0,31.0,33467.0,user_295@example.com,526.0,0,,,
2026-05-09T00:21:57.495384,2895.0,32.0,51010.0,user_296@example.com,612.0,0,,,
2026-05-09T00:21:57.495384,3733.0,70.0,148647.0,user_297@example.com,601.0,0,,,
2026-05-09T00:21:57.495384,4863.0,24.0,141999.0,user_298@example.com,759.0,0,,,
2026-05-09T00:21:57.495384,8455.0,26.0,134793.0,user_299@example.com,700.0,0,,,
2026-05-09T00:21:57.495384,5014.0,68.0,74691.0,user_300@example.com,692.0,0,,,
2026-05-09T00:21:57.495384,2686.0,65.0,84157.0,user_301@example.com,506.0,0,,,
2026-05-09T00:21:57.495384,4009.0,25.0,128177.0,user_302@example.com,509.0,0,,,
2026-05-09T00:21:57.495384,8806.0,67.0,32289.0,user_303@example.com,414.0,0,,,
2026-05-09T00:21:57.495384,1154.0,76.0,64976.0,user_304@example.com,550.0,0,,,
2026-05-09T00:21:57.495384,2409.0,40.0,63596.0,user_305@example.com,518.0,0,,,
2026-05-09T00:21:57.495384,1784.0,46.0,43171.0,user_306@example.com,706.0,0,,,
2026-05-09T00:21:57.495384,9096.0,35.0,120441.0,user_307@example.com,742.0,0,,,
2026-05-09T00:21:57.495384,8560.0,48.0,146296.0,user_308@example.com,653.0,0,,,
2026-05-09T00:21:57.495384,8343.0,47.0,106365.0,user_309@example.com,849.0,0,,,
2026-05-09T00:21:57.495384,8206.0,69.0,138218.0,user_310@example.com,441.0,0,,,
2026-05-09T00:21:57.495384,6596.0,56.0,119590.0,user_311@example.com,800.0,1,,,
2026-05-09T00:21:57.495384,6801.0,52.0,134014.0,user_312@example.com,846.0,0,,,
2026-05-09T00:21:57.495384,3806.0,35.0,64139.0,user_313@example.com,841.0,0,,,
2026-05-09T00:21:57.495384,1537.0,76.0,68713.0,user_314@example.com,806.0,0,,,
2026-05-09T00:21:57.495384,6986.0,59.0,49734.0,user_315@example.com,580.0,1,,,
2026-05-09T00:21:57.495384,2841.0,56.0,92588.0,user_316@example.com,723.0,0,,,
2026-05-09T00:21:57.495384,9716.0,34.0,83646.0,user_317@example.com,569.0,0,,,
2026-05-09T00:21:57.495384,7971.0,31.0,23654.0,user_318@example.com,453.0,1,,,
2026-05-09T00:21:57.495384,6625.0,48.0,109022.0,user_319@example.com,382.0,0,,,
2026-05-09T00:21:57.495384,3950.0,41.0,38743.0,user_320@example.com,725.0,1,,,
2026-05-09T00:21:57.495384,8992.0,52.0,68368.0,user_321@example.com,574.0,0,,,
2026-05-09T00:21:57.495384,5780.0,61.0,110025.0,user_322@example.com,583.0,1,,,
2026-05-09T00:21:57.495384,3368.0,77.0,94172.0,user_323@example.com,472.0,0,,,
2026-05-09T00:21:57.495384,7655.0,62.0,26441.0,user_324@example.com,626.0,0,,,
2026-05-09T00:21:57.495384,9173.0,51.0,139735.0,user_325@example.com,362.0,0,,,
2026-05-09T00:21:57.495384,5495.0,20.0,44611.0,user_326@example.com,372.0,0,,,
2026-05-09T00:21:57.495384,7002.0,54.0,139891.0,user_327@example.com,674.0,0,,,
2026-05-09T00:21:57.495384,7614.0,60.0,127971.0,user_328@example.com,807.0,1,,,
2026-05-09T00:21:57.495384,6919.0,57.0,32149.0,user_329@example.com,697.0,1,,,
2026-05-09T00:21:57.495384,1853.0,43.0,120102.0,user_330@example.com,419.0,0,,,
2026-05-09T00:21:57.495384,5146.0,72.0,79189.0,user_331@example.com,736.0,1,,,
2026-05-09T00:21:57.495384,4769.0,40.0,127904.0,user_332@example.com,764.0,0,,,
2026-05-09T00:21:57.495384,1574.0,61.0,41675.0,user_333@example.com,585.0,0,,,
2026-05-09T00:21:57.495384,2148.0,56.0,91031.0,user_334@example.com,564.0,0,,,
2026-05-09T00:21:57.495384,7293.0,32.0,62668.0,user_335@example.com,619.0,0,,,
2026-05-09T00:21:57.495384,7457.0,73.0,33673.0,user_336@example.com,675.0,0,,,
2026-05-09T00:21:57.495384,8509.0,66.0,149582.0,user_337@example.com,388.0,0,,,
2026-05-09T00:21:57.495384,5777.0,21.0,96666.0,user_338@example.com,502.0,1,,,
2026-05-09T00:21:57.495384,4854.0,46.0,108204.0,user_339@example.com,633.0,0,,,
2026-05-09T00:21:57.495384,3491.0,39.0,100758.0,user_340@example.com,521.0,1,,,
2026-05-09T00:21:57.495384,4124.0,42.0,85429.0,user_341@example.com,340.0,0,,,
2026-05-09T00:21:57.495384,6691.0,30.0,43669.0,user_342@example.com,367.0,0,,,
2026-05-09T00:21:57.495384,4051.0,35.0,54068.0,user_343@example.com,813.0,0,,,
2026-05-09T00:21:57.495384,1004.0,50.0,108789.0,user_344@example.com,426.0,1,,,
2026-05-09T00:21:57.495384,6222.0,33.0,29435.0,user_345@example.com,554.0,0,,,
2026-05-09T00:21:57.495384,6315.0,62.0,114088.0,user_346@example.com,315.0,0,,,
2026-05-09T00:21:57.495384,5869.0,59.0,72249.0,user_347@example.com,776.0,0,,,
2026-05-09T00:21:57.495384,1876.0,61.0,57384.0,user_348@example.com,361.0,0,,,
2026-05-09T00:21:57.495384,8027.0,79.0,148782.0,user_349@example.com,731.0,0,,,
2026-05-09T00:21:57.495384,5142.0,19.0,101929.0,user_350@example.com,567.0,0,,,
2026-05-09T00:21:57.495384,7966.0,72.0,147959.0,user_351@example.com,334.0,0,,,
2026-05-09T00:21:57.495384,8079.0,52.0,96153.0,user_352@example.com,793.0,0,,,
2026-05-09T00:21:57.495384,8987.0,59.0,124056.0,user_353@example.com,768.0,0,,,
2026-05-09T00:21:57.495384,7799.0,51.0,95388.0,user_354@example.com,624.0,0,,,
2026-05-09T00:21:57.495384,5465.0,47.0,51401.0,user_355@example.com,603.0,0,,,
2026-05-09T00:21:57.495384,1635.0,76.0,145511.0,user_356@example.com,575.0,0,,,
2026-05-09T00:21:57.495384,2693.0,72.0,91831.0,user_357@example.com,500.0,1,,,
2026-05-09T00:21:57.495384,5752.0,30.0,139503.0,user_358@example.com,744.0,0,,,
2026-05-09T00:21:57.495384,9311.0,30.0,135760.0,user_359@example.com,623.0,0,,,
2026-05-09T00:21:57.495384,1830.0,35.0,121529.0,user_360@example.com,334.0,0,,,
2026-05-09T00:21:57.495384,6177.0,49.0,147834.0,user_361@example.com,781.0,0,,,
2026-05-09T00:21:57.495384,9932.0,49.0,54084.0,user_362@example.com,779.0,0,,,
2026-05-09T00:21:57.495384,9308.0,52.0,140387.0,user_363@example.com,364.0,0,,,
2026-05-09T00:21:57.495384,6949.0,76.0,130641.0,user_364@example.com,307.0,0,,,
2026-05-09T00:21:57.495384,3838.0,56.0,125111.0,user_365@example.com,600.0,1,,,
2026-05-09T00:21:57.495384,2150.0,63.0,75826.0,user_366@example.com,642.0,0,,,
2026-05-09T00:21:57.495384,8560.0,69.0,56451.0,user_367@example.com,730.0,0,,,
2026-05-09T00:21:57.495384,2931.0,46.0,27227.0,user_368@example.com,723.0,0,,,
2026-05-09T00:21:57.495384,2664.0,79.0,51910.0,user_369@example.com,631.0,0,,,
2026-05-09T00:21:57.495384,2081.0,66.0,56041.0,user_370@example.com,737.0,0,,,
2026-05-09T00:21:57.495384,1512.0,46.0,108920.0,user_371@example.com,473.0,0,,,
2026-05-09T00:21:57.495384,8805.0,79.0,85681.0,user_372@example.com,826.0,0,,,
2026-05-09T00:21:57.495384,6237.0,70.0,123314.0,user_373@example.com,325.0,0,,,
2026-05-09T00:21:57.495384,1559.0,61.0,101571.0,user_374@example.com,705.0,0,,,
2026-05-09T00:21:57.495384,4672.0,74.0,85481.0,user_375@example.com,531.0,0,,,
2026-05-09T00:21:57.495384,8404.0,33.0,88576.0,user_376@example.com,832.0,0,,,
2026-05-09T00:21:57.495384,4343.0,73.0,127958.0,user_377@example.com,849.0,0,,,
2026-05-09T00:21:57.495384,5070.0,61.0,149265.0,user_378@example.com,804.0,1,,,
2026-05-09T00:21:57.495384,1580.0,64.0,147556.0,user_379@example.com,478.0,0,,,
2026-05-09T00:21:57.495384,8004.0,74.0,84174.0,user_380@example.com,431.0,0,,,
2026-05-09T00:21:57.495384,9130.0,27.0,46160.0,user_381@example.com,754.0,1,,,
2026-05-09T00:21:57.495384,4147.0,47.0,135170.0,user_382@example.com,647.0,0,,,
2026-05-09T00:21:57.495384,5249.0,42.0,137867.0,user_383@example.com,839.0,0,,,
2026-05-09T00:21:57.495384,2679.0,56.0,37633.0,user_384@example.com,705.0,0,,,
2026-05-09T00:21:57.495384,4506.0,37.0,114880.0,user_385@example.com,375.0,0,,,
2026-05-09T00:21:57.495384,8253.0,22.0,37014.0,user_386@example.com,791.0,0,,,
2026-05-09T00:21:57.495384,3744.0,18.0,100532.0,user_387@example.com,493.0,0,,,
2026-05-09T00:21:57.495384,6188.0,47.0,69104.0,user_388@example.com,461.0,0,,,
2026-05-09T00:21:57.495384,3141.0,66.0,61621.0,user_389@example.com,646.0,0,,,
2026-05-09T00:21:57.495384,7617.0,20.0,97231.0,user_390@example.com,660.0,1,,,
2026-05-09T00:21:57.495384,3479.0,62.0,88388.0,user_391@example.com,386.0,0,,,
2026-05-09T00:21:57.495384,7484.0,31.0,36014.0,user_392@example.com,561.0,0,,,
2026-05-09T00:21:57.495384,8421.0,73.0,112578.0,user_393@example.com,513.0,1,,,
2026-05-09T00:21:57.495384,5452.0,47.0,53755.0,user_394@example.com,561.0,0,,,
2026-05-09T00:21:57.495384,6881.0,67.0,60390.0,user_395@example.com,582.0,1,,,
2026-05-09T00:21:57.495384,7665.0,21.0,43711.0,user_396@example.com,766.0,0,,,
2026-05-09T00:21:57.495384,3849.0,35.0,111658.0,user_397@example.com,679.0,0,,,
2026-05-09T00:21:57.495384,8390.0,79.0,77993.0,user_398@example.com,661.0,0,,,
2026-05-09T00:21:57.495384,7905.0,54.0,94696.0,user_399@example.com,748.0,0,,,
2026-05-09T00:21:57.495384,3489.0,42.0,47213.0,user_400@example.com,740.0,0,,,
2026-05-09T00:21:57.495384,5611.0,65.0,135788.0,user_401@example.com,392.0,1,,,
2026-05-09T00:21:57.495384,3839.0,18.0,124956.0,user_402@example.com,723.0,0,,,
2026-05-09T00:21:57.495384,9527.0,70.0,77784.0,user_403@example.com,441.0,0,,,
2026-05-09T00:21:57.495384,6878.0,63.0,27421.0,user_404@example.com,590.0,1,,,
2026-05-09T00:21:57.495384,7303.0,32.0,106936.0,user_405@example.com,731.0,0,,,
2026-05-09T00:21:57.495384,1851.0,26.0,119073.0,user_406@example.com,348.0,0,,,
2026-05-09T00:21:57.495384,2687.0,32.0,37727.0,user_407@example.com,601.0,1,,,
2026-05-09T00:21:57.495384,7833.0,66.0,132418.0,user_408@example.com,489.0,0,,,
2026-05-09T00:21:57.495384,3427.0,74.0,24358.0,user_409@example.com,435.0,0,,,
2026-05-09T00:21:57.495384,5000.0,41.0,85108.0,user_410@example.com,703.0,1,,,
2026-05-09T00:21:57.495384,6052.0,21.0,146609.0,user_411@example.com,640.0,0,,,
2026-05-09T00:21:57.495384,3738.0,29.0,114018.0,user_412@example.com,617.0,0,,,
2026-05-09T00:21:57.495384,6732.0,76.0,144457.0,user_413@example.com,662.0,0,,,
2026-05-09T00:21:57.495384,6387.0,75.0,52117.0,user_414@example.com,681.0,0,,,
2026-05-09T00:21:57.495384,9002.0,54.0,108700.0,user_415@example.com,532.0,1,,,
2026-05-09T00:21:57.495384,6536.0,78.0,51910.0,user_416@example.com,643.0,0,,,
2026-05-09T00:21:57.495384,4913.0,54.0,146888.0,user_417@example.com,848.0,0,,,
2026-05-09T00:21:57.495384,2066.0,60.0,118032.0,user_418@example.com,828.0,0,,,
2026-05-09T00:21:57.495384,8723.0,77.0,75754.0,user_419@example.com,482.0,0,,,
2026-05-09T00:21:57.495384,5380.0,23.0,82438.0,user_420@example.com,340.0,0,,,
2026-05-09T00:21:57.495384,5107.0,56.0,129847.0,user_421@example.com,696.0,1,,,
2026-05-09T00:21:57.495384,6726.0,73.0,49371.0,user_422@example.com,793.0,0,,,
2026-05-09T00:21:57.495384,4373.0,63.0,71501.0,user_423@example.com,632.0,0,,,
2026-05-09T00:21:57.495384,9945.0,41.0,80946.0,user_424@example.com,426.0,0,,,
2026-05-09T00:21:57.495384,3082.0,28.0,58467.0,user_425@example.com,300.0,0,,,
2026-05-09T00:21:57.495384,9967.0,79.0,37625.0,user_426@example.com,467.0,0,,,
2026-05-09T00:21:57.495384,7748.0,30.0,53893.0,user_427@example.com,318.0,0,,,
2026-05-09T00:21:57.495384,1417.0,51.0,96329.0,user_428@example.com,631.0,0,,,
2026-05-09T00:21:57.495384,9306.0,42.0,51007.0,user_429@example.com,755.0,0,,,
2026-05-09T00:21:57.495384,9808.0,24.0,111302.0,user_430@example.com,408.0,0,,,
2026-05-09T00:21:57.495384,4974.0,69.0,59532.0,user_431@example.com,567.0,0,,,
2026-05-09T00:21:57.495384,4267.0,21.0,74253.0,user_432@example.com,744.0,0,,,
2026-05-09T00:21:57.495384,1825.0,76.0,32323.0,user_433@example.com,539.0,0,,,
2026-05-09T00:21:57.495384,8668.0,25.0,131335.0,user_434@example.com,600.0,1,,,
2026-05-09T00:21:57.495384,6745.0,37.0,132356.0,user_435@example.com,402.0,0,,,
2026-05-09T00:21:57.495384,1412.0,46.0,130944.0,user_436@example.com,549.0,1,,,
2026-05-09T00:21:57.495384,8543.0,71.0,93379.0,user_437@example.com,752.0,0,,,
2026-05-09T00:21:57.495384,8587.0,70.0,34210.0,user_438@example.com,819.0,0,,,
2026-05-09T00:21:57.495384,1728.0,68.0,36456.0,user_439@example.com,452.0,1,,,
2026-05-09T00:21:57.495384,8164.0,62.0,51367.0,user_440@example.com,473.0,0,,,
2026-05-09T00:21:57.495384,9867.0,63.0,74624.0,user_441@example.com,642.0,1,,,
2026-05-09T00:21:57.495384,6988.0,27.0,30106.0,user_442@example.com,730.0,0,,,
2026-05-09T00:21:57.495384,3504.0,60.0,123493.0,user_443@example.com,623.0,0,,,
2026-05-09T00:21:57.495384,3967.0,51.0,88008.0,user_444@example.com,719.0,0,,,
2026-05-09T00:21:57.495384,3786.0,74.0,145926.0,user_445@example.com,784.0,0,,,
2026-05-09T00:21:57.495384,2122.0,43.0,135395.0,user_446@example.com,711.0,0,,,
2026-05-09T00:21:57.495384,5079.0,58.0,136492.0,user_447@example.com,383.0,0,,,
2026-05-09T00:21:57.495384,2571.0,66.0,92240.0,user_448@example.com,412.0,0,,,
2026-05-09T00:21:57.495384,6073.0,75.0,84315.0,user_449@example.com,631.0,0,,,
2026-05-09T00:21:57.495384,6104.0,20.0,89249.0,user_450@example.com,677.0,0,,,
2026-05-09T00:21:57.495384,3143.0,73.0,90587.0,user_451@example.com,340.0,0,,,
2026-05-09T00:21:57.495384,7806.0,23.0,30756.0,user_452@example.com,404.0,1,,,
2026-05-09T00:21:57.495384,8357.0,22.0,88011.0,user_453@example.com,501.0,0,,,
2026-05-09T00:21:57.495384,4440.0,22.0,56378.0,user_454@example.com,749.0,1,,,
2026-05-09T00:21:57.495384,4766.0,71.0,24255.0,user_455@example.com,565.0,1,,,
2026-05-09T00:21:57.495384,6644.0,64.0,34484.0,user_456@example.com,509.0,0,,,
2026-05-09T00:21:57.495384,3914.0,40.0,145703.0,user_457@example.com,417.0,0,,,
2026-05-09T00:21:57.495384,5968.0,66.0,76549.0,user_458@example.com,676.0,0,,,
2026-05-09T00:21:57.495384,6917.0,26.0,54503.0,user_459@example.com,839.0,0,,,
2026-05-09T00:21:57.495384,9787.0,52.0,144465.0,user_460@example.com,383.0,0,,,
2026-05-09T00:21:57.495384,1728.0,37.0,93794.0,user_461@example.com,753.0,0,,,
2026-05-09T00:21:57.495384,2365.0,75.0,145941.0,user_462@example.com,813.0,0,,,
2026-05-09T00:21:57.495384,5492.0,66.0,126283.0,user_463@example.com,686.0,0,,,
2026-05-09T00:21:57.495384,1698.0,78.0,120732.0,user_464@example.com,649.0,0,,,
2026-05-09T00:21:57.495384,8186.0,76.0,65113.0,user_465@example.com,595.0,0,,,
2026-05-09T00:21:57.495384,1395.0,59.0,125730.0,user_466@example.com,557.0,0,,,
2026-05-09T00:21:57.495384,8400.0,52.0,94069.0,user_467@example.com,380.0,0,,,
2026-05-09T00:21:57.495384,9082.0,67.0,118117.0,user_468@example.com,567.0,0,,,
2026-05-09T00:21:57.495384,5171.0,35.0,25249.0,user_469@example.com,718.0,0,,,
2026-05-09T00:21:57.495384,5360.0,79.0,145654.0,user_470@example.com,534.0,0,,,
2026-05-09T00:21:57.495384,3502.0,34.0,139979.0,user_471@example.com,610.0,0,,,
2026-05-09T00:21:57.495384,1717.0,41.0,39201.0,user_472@example.com,656.0,0,,,
2026-05-09T00:21:57.495384,3782.0,20.0,145541.0,user_473@example.com,512.0,0,,,
2026-05-09T00:21:57.495384,5946.0,49.0,78576.0,user_474@example.com,348.0,0,,,
2026-05-09T00:21:57.495384,6486.0,52.0,138562.0,user_475@example.com,426.0,0,,,
2026-05-09T00:21:57.495384,9335.0,55.0,145281.0,user_476@example.com,522.0,0,,,
2026-05-09T00:21:57.495384,5980.0,30.0,29686.0,user_477@example.com,578.0,0,,,
2026-05-09T00:21:57.495384,8266.0,73.0,132413.0,user_478@example.com,707.0,0,,,
2026-05-09T00:21:57.495384,5491.0,78.0,73363.0,user_479@example.com,804.0,0,,,
2026-05-09T00:21:57.495384,8192.0,64.0,117543.0,user_480@example.com,593.0,1,,,
2026-05-09T00:21:57.495384,6588.0,42.0,20661.0,user_481@example.com,576.0,0,,,
2026-05-09T00:21:57.495384,8651.0,26.0,64843.0,user_482@example.com,737.0,0,,,
2026-05-09T00:21:57.495384,4636.0,21.0,115673.0,user_483@example.com,406.0,0,,,
2026-05-09T00:21:57.495384,2167.0,31.0,80963.0,user_484@example.com,719.0,0,,,
2026-05-09T00:21:57.495384,2062.0,54.0,133092.0,user_485@example.com,728.0,0,,,
2026-05-09T00:21:57.495384,3156.0,51.0,62828.0,user_486@example.com,674.0,0,,,
2026-05-09T00:21:57.495384,8860.0,28.0,68604.0,user_487@example.com,372.0,0,,,
2026-05-09T00:21:57.495384,6161.0,58.0,30526.0,user_488@example.com,329.0,0,,,
2026-05-09T00:21:57.495384,6305.0,73.0,88910.0,user_489@example.com,487.0,0,,,
2026-05-09T00:21:57.495384,7541.0,20.0,45592.0,user_490@example.com,663.0,1,,,
2026-05-09T00:21:57.495384,5729.0,76.0,48982.0,user_491@example.com,750.0,1,,,
2026-05-09T00:21:57.495384,8330.0,45.0,20207.0,user_492@example.com,494.0,0,,,
2026-05-09T00:21:57.495384,6334.0,46.0,120969.0,user_493@example.com,455.0,0,,,
2026-05-09T00:21:57.495384,9924.0,26.0,137181.0,user_494@example.com,471.0,0,,,
2026-05-09T00:21:57.495384,5330.0,20.0,108733.0,user_495@example.com,340.0,0,,,
2026-05-09T00:21:57.495384,9010.0,42.0,118936.0,user_496@example.com,362.0,0,,,
2026-05-09T00:21:57.495384,7801.0,51.0,144982.0,user_497@example.com,322.0,0,,,
2026-05-09T00:21:57.495384,5846.0,29.0,145839.0,user_498@example.com,659.0,0,,,
2026-05-09T00:21:57.495384,7731.0,59.0,88619.0,user_499@example.com,374.0,1,,,
2026-05-09T00:21:57.495384,8241.0,26.0,49328.0,user_500@example.com,417.0,0,,,
2026-05-09T00:21:57.495384,1953.0,32.0,66479.0,user_501@example.com,679.0,0,,,
2026-05-09T00:21:57.495384,3539.0,57.0,128427.0,user_502@example.com,589.0,0,,,
2026-05-09T00:21:57.495384,8056.0,42.0,40103.0,user_503@example.com,739.0,0,,,
2026-05-09T00:21:57.495384,2542.0,22.0,59891.0,user_504@example.com,306.0,0,,,
2026-05-09T00:21:57.495384,6293.0,28.0,30754.0,user_505@example.com,495.0,0,,,
2026-05-09T00:21:57.495384,2191.0,76.0,119983.0,user_506@example.com,720.0,0,,,
2026-05-09T00:21:57.495384,7313.0,51.0,101437.0,user_507@example.com,492.0,1,,,
2026-05-09T00:21:57.495384,7938.0,41.0,118540.0,user_508@example.com,447.0,0,,,
2026-05-09T00:21:57.495384,3681.0,77.0,92982.0,user_509@example.com,501.0,0,,,
2026-05-09T00:21:57.495384,2540.0,32.0,122747.0,user_510@example.com,743.0,0,,,
2026-05-09T00:21:57.495384,7172.0,55.0,75922.0,user_511@example.com,718.0,1,,,
2026-05-09T00:21:57.495384,6541.0,25.0,68231.0,user_512@example.com,726.0,0,,,
2026-05-09T00:21:57.495384,2365.0,76.0,49301.0,user_513@example.com,778.0,0,,,
2026-05-09T00:21:57.495384,9691.0,22.0,111652.0,user_514@example.com,774.0,1,,,
2026-05-09T00:21:57.495384,9702.0,65.0,140787.0,user_515@example.com,425.0,0,,,
2026-05-09T00:21:57.495384,8494.0,43.0,146823.0,user_516@example.com,694.0,1,,,
2026-05-09T00:21:57.495384,5312.0,35.0,82711.0,user_517@example.com,624.0,0,,,
2026-05-09T00:21:57.495384,2324.0,23.0,61323.0,user_518@example.com,691.0,0,,,
2026-05-09T00:21:57.495384,4141.0,54.0,38752.0,user_519@example.com,739.0,0,,,
2026-05-09T00:21:57.495384,8419.0,77.0,117912.0,user_520@example.com,503.0,0,,,
2026-05-09T00:21:57.495384,4486.0,65.0,102205.0,user_521@example.com,785.0,0,,,
2026-05-09T00:21:57.495384,2810.0,30.0,118452.0,user_522@example.com,330.0,0,,,
2026-05-09T00:21:57.495384,7588.0,45.0,33395.0,user_523@example.com,687.0,0,,,
2026-05-09T00:21:57.495384,3923.0,22.0,105957.0,user_524@example.com,733.0,0,,,
2026-05-09T00:21:57.495384,6301.0,30.0,141237.0,user_525@example.com,675.0,1,,,
2026-05-09T00:21:57.495384,5186.0,34.0,76273.0,user_526@example.com,643.0,1,,,
2026-05-09T00:21:57.495384,9905.0,67.0,147431.0,user_527@example.com,742.0,0,,,
2026-05-09T00:21:57.495384,6977.0,57.0,111878.0,user_528@example.com,374.0,1,,,
2026-05-09T00:21:57.495384,5268.0,62.0,24895.0,user_529@example.com,454.0,0,,,
2026-05-09T00:21:57.495384,5748.0,49.0,139968.0,user_530@example.com,729.0,0,,,
2026-05-09T00:21:57.495384,5849.0,79.0,135700.0,user_531@example.com,662.0,0,,,
2026-05-09T00:21:57.495384,4709.0,46.0,96559.0,user_532@example.com,747.0,0,,,
2026-05-09T00:21:57.495384,7619.0,68.0,30699.0,user_533@example.com,533.0,0,,,
2026-05-09T00:21:57.495384,9647.0,75.0,85061.0,user_534@example.com,561.0,0,,,
2026-05-09T00:21:57.495384,4072.0,20.0,29715.0,user_535@example.com,424.0,0,,,
2026-05-09T00:21:57.495384,7530.0,73.0,39169.0,user_536@example.com,544.0,0,,,
2026-05-09T00:21:57.495384,1504.0,57.0,145436.0,user_537@example.com,841.0,0,,,
2026-05-09T00:21:57.495384,2214.0,51.0,138413.0,user_538@example.com,784.0,1,,,
2026-05-09T00:21:57.495384,2531.0,57.0,36163.0,user_539@example.com,421.0,0,,,
2026-05-09T00:21:57.495384,8576.0,44.0,139264.0,user_540@example.com,424.0,1,,,
2026-05-09T00:21:57.495384,1823.0,30.0,25782.0,user_541@example.com,848.0,1,,,
2026-05-09T00:21:57.495384,1928.0,62.0,108177.0,user_542@example.com,469.0,1,,,
2026-05-09T00:21:57.495384,6029.0,50.0,149772.0,user_543@example.com,423.0,1,,,
2026-05-09T00:21:57.495384,1133.0,23.0,144481.0,user_544@example.com,334.0,1,,,
2026-05-09T00:21:57.495384,3105.0,41.0,104328.0,user_545@example.com,386.0,0,,,
2026-05-09T00:21:57.495384,4627.0,36.0,135028.0,user_546@example.com,500.0,0,,,
2026-05-09T00:21:57.495384,7316.0,33.0,55585.0,user_547@example.com,668.0,0,,,
2026-05-09T00:21:57.495384,2852.0,57.0,50682.0,user_548@example.com,376.0,0,,,
2026-05-09T00:21:57.495384,5910.0,45.0,67864.0,user_549@example.com,358.0,0,,,
2026-05-09T00:21:57.495384,5175.0,50.0,149992.0,user_550@example.com,730.0,0,,,
2026-05-09T00:21:57.495384,6348.0,76.0,104416.0,user_551@example.com,799.0,1,,,
2026-05-09T00:21:57.495384,7190.0,76.0,75114.0,user_552@example.com,408.0,1,,,
2026-05-09T00:21:57.495384,2256.0,65.0,147810.0,user_553@example.com,577.0,1,,,
2026-05-09T00:21:57.495384,4376.0,58.0,58067.0,user_554@example.com,367.0,0,,,
2026-05-09T00:21:57.495384,6645.0,30.0,62685.0,user_555@example.com,368.0,0,,,
2026-05-09T00:21:57.495384,4486.0,60.0,142262.0,user_556@example.com,464.0,0,,,
2026-05-09T00:21:57.495384,4584.0,62.0,38073.0,user_557@example.com,788.0,0,,,
2026-05-09T00:21:57.495384,9053.0,42.0,56035.0,user_558@example.com,604.0,0,,,
2026-05-09T00:21:57.495384,4330.0,70.0,84977.0,user_559@example.com,664.0,0,,,
2026-05-09T00:21:57.495384,3703.0,59.0,122710.0,user_560@example.com,678.0,1,,,
2026-05-09T00:21:57.495384,9662.0,53.0,110373.0,user_561@example.com,642.0,0,,,
2026-05-09T00:21:57.495384,9120.0,44.0,103362.0,user_562@example.com,653.0,0,,,
2026-05-09T00:21:57.495384,8114.0,55.0,110517.0,user_563@example.com,715.0,0,,,
2026-05-09T00:21:57.495384,2353.0,77.0,85450.0,user_564@example.com,408.0,0,,,
2026-05-09T00:21:57.495384,6063.0,24.0,30382.0,user_565@example.com,796.0,0,,,
2026-05-09T00:21:57.495384,9549.0,22.0,24437.0,user_566@example.com,640.0,1,,,
2026-05-09T00:21:57.495384,8575.0,60.0,90971.0,user_567@example.com,682.0,0,,,
2026-05-09T00:21:57.495384,1667.0,62.0,84612.0,user_568@example.com,832.0,0,,,
2026-05-09T00:21:57.495384,5468.0,75.0,110355.0,user_569@example.com,599.0,0,,,
2026-05-09T00:21:57.495384,7819.0,74.0,81929.0,user_570@example.com,438.0,0,,,
2026-05-09T00:21:57.495384,4719.0,68.0,122411.0,user_571@example.com,658.0,0,,,
2026-05-09T00:21:57.495384,3745.0,48.0,117518.0,user_572@example.com,798.0,0,,,
2026-05-09T00:21:57.495384,8483.0,40.0,118864.0,user_573@example.com,684.0,0,,,
2026-05-09T00:21:57.495384,1539.0,59.0,32329.0,user_574@example.com,579.0,0,,,
2026-05-09T00:21:57.495384,5964.0,27.0,145605.0,user_575@example.com,782.0,0,,,
2026-05-09T00:21:57.495384,5835.0,49.0,45169.0,user_576@example.com,410.0,0,,,
2026-05-09T00:21:57.495384,4775.0,60.0,107468.0,user_577@example.com,438.0,1,,,
2026-05-09T00:21:57.495384,7042.0,70.0,54594.0,user_578@example.com,734.0,0,,,
2026-05-09T00:21:57.495384,8102.0,47.0,96957.0,user_579@example.com,808.0,0,,,
2026-05-09T00:21:57.495384,8312.0,56.0,80631.0,user_580@example.com,572.0,0,,,
2026-05-09T00:21:57.495384,6320.0,48.0,65033.0,user_581@example.com,398.0,0,,,
2026-05-09T00:21:57.495384,7132.0,35.0,83133.0,user_582@example.com,403.0,0,,,
2026-05-09T00:21:57.495384,8891.0,53.0,93165.0,user_583@example.com,513.0,0,,,
2026-05-09T00:21:57.495384,3779.0,19.0,93861.0,user_584@example.com,464.0,0,,,
2026-05-09T00:21:57.495384,1924.0,31.0,72290.0,user_585@example.com,819.0,1,,,
2026-05-09T00:21:57.495384,2581.0,30.0,114031.0,user_586@example.com,583.0,0,,,
2026-05-09T00:21:57.495384,8714.0,46.0,51750.0,user_587@example.com,816.0,1,,,
2026-05-09T00:21:57.495384,4324.0,29.0,115155.0,user_588@example.com,463.0,0,,,
2026-05-09T00:21:57.495384,6713.0,56.0,60461.0,user_589@example.com,363.0,1,,,
2026-05-09T00:21:57.495384,8026.0,19.0,93800.0,user_590@example.com,390.0,1,,,
2026-05-09T00:21:57.495384,1255.0,49.0,98222.0,user_591@example.com,416.0,0,,,
2026-05-09T00:21:57.495384,5804.0,30.0,132020.0,user_592@example.com,566.0,1,,,
2026-05-09T00:21:57.495384,2838.0,63.0,44226.0,user_593@example.com,439.0,0,,,
2026-05-09T00:21:57.495384,1009.0,44.0,26721.0,user_594@example.com,545.0,1,,,
2026-05-09T00:21:57.495384,3871.0,66.0,76154.0,user_595@example.com,694.0,0,,,
2026-05-09T00:21:57.495384,9989.0,58.0,40609.0,user_596@example.com,786.0,0,,,
2026-05-09T00:21:57.495384,8409.0,34.0,72130.0,user_597@example.com,775.0,0,,,
2026-05-09T00:21:57.495384,8418.0,57.0,92909.0,user_598@example.com,816.0,1,,,
2026-05-09T00:21:57.495384,6124.0,48.0,124211.0,user_599@example.com,483.0,0,,,
2026-05-09T00:21:57.495384,2015.0,51.0,75249.0,user_600@example.com,319.0,0,,,
2026-05-09T00:21:57.495384,3193.0,77.0,68895.0,user_601@example.com,823.0,0,,,
2026-05-09T00:21:57.495384,9415.0,41.0,114473.0,user_602@example.com,828.0,1,,,
2026-05-09T00:21:57.495384,8449.0,62.0,25656.0,user_603@example.com,446.0,0,,,
2026-05-09T00:21:57.495384,5158.0,52.0,144865.0,user_604@example.com,603.0,0,,,
2026-05-09T00:21:57.495384,4925.0,65.0,94520.0,user_605@example.com,527.0,0,,,
2026-05-09T00:21:57.495384,7970.0,23.0,83740.0,user_606@example.com,401.0,0,,,
2026-05-09T00:21:57.495384,7938.0,36.0,84309.0,user_607@example.com,716.0,0,,,
2026-05-09T00:21:57.495384,5784.0,47.0,49984.0,user_608@example.com,515.0,1,,,
2026-05-09T00:21:57.495384,5000.0,24.0,138947.0,user_609@example.com,706.0,0,,,
2026-05-09T00:21:57.495384,2633.0,27.0,93822.0,user_610@example.com,698.0,0,,,
2026-05-09T00:21:57.495384,8266.0,58.0,25901.0,user_611@example.com,798.0,0,,,
2026-05-09T00:21:57.495384,9702.0,49.0,51552.0,user_612@example.com,764.0,0,,,
2026-05-09T00:21:57.495384,1384.0,51.0,111245.0,user_613@example.com,381.0,0,,,
2026-05-09T00:21:57.495384,1404.0,45.0,51055.0,user_614@example.com,664.0,0,,,
2026-05-09T00:21:57.495384,9175.0,77.0,57685.0,user_615@example.com,462.0,0,,,
2026-05-09T00:21:57.495384,3000.0,32.0,93965.0,user_616@example.com,347.0,1,,,
2026-05-09T00:21:57.495384,6989.0,47.0,34716.0,user_617@example.com,810.0,0,,,
2026-05-09T00:21:57.495384,2460.0,54.0,134099.0,user_618@example.com,628.0,1,,,
2026-05-09T00:21:57.495384,8190.0,46.0,31138.0,user_619@example.com,415.0,1,,,
2026-05-09T00:21:57.495384,8140.0,39.0,55298.0,user_620@example.com,636.0,0,,,
2026-05-09T00:21:57.495384,4636.0,21.0,71112.0,user_621@example.com,446.0,1,,,
2026-05-09T00:21:57.495384,5809.0,37.0,43429.0,user_622@example.com,622.0,0,,,
2026-05-09T00:21:57.495384,5178.0,49.0,70200.0,user_623@example.com,742.0,0,,,
2026-05-09T00:21:57.495384,8245.0,53.0,91308.0,user_624@example.com,312.0,0,,,
2026-05-09T00:21:57.495384,7600.0,67.0,68244.0,user_625@example.com,793.0,0,,,
2026-05-09T00:21:57.495384,6997.0,21.0,137217.0,user_626@example.com,586.0,0,,,
2026-05-09T00:21:57.495384,3048.0,44.0,134055.0,user_627@example.com,413.0,0,,,
2026-05-09T00:21:57.495384,5780.0,34.0,121268.0,user_628@example.com,779.0,0,,,
2026-05-09T00:21:57.495384,1716.0,29.0,125441.0,user_629@example.com,321.0,0,,,
2026-05-09T00:21:57.495384,8939.0,39.0,37347.0,user_630@example.com,648.0,1,,,
2026-05-09T00:21:57.495384,6565.0,34.0,36920.0,user_631@example.com,619.0,0,,,
2026-05-09T00:21:57.495384,5544.0,27.0,51822.0,user_632@example.com,425.0,0,,,
2026-05-09T00:21:57.495384,5976.0,71.0,66659.0,user_633@example.com,576.0,0,,,
2026-05-09T00:21:57.495384,4419.0,18.0,60108.0,user_634@example.com,503.0,0,,,
2026-05-09T00:21:57.495384,8239.0,39.0,148955.0,user_635@example.com,493.0,0,,,
2026-05-09T00:21:57.495384,1249.0,43.0,109099.0,user_636@example.com,846.0,1,,,
2026-05-09T00:21:57.495384,9865.0,73.0,27967.0,user_637@example.com,585.0,0,,,
2026-05-09T00:21:57.495384,1770.0,76.0,130719.0,user_638@example.com,356.0,0,,,
2026-05-09T00:21:57.495384,5363.0,35.0,31871.0,user_639@example.com,602.0,1,,,
2026-05-09T00:21:57.495384,2077.0,67.0,114299.0,user_640@example.com,462.0,1,,,
2026-05-09T00:21:57.495384,9427.0,31.0,97452.0,user_641@example.com,318.0,0,,,
2026-05-09T00:21:57.495384,9580.0,64.0,94270.0,user_642@example.com,669.0,0,,,
2026-05-09T00:21:57.495384,8901.0,46.0,53613.0,user_643@example.com,563.0,0,,,
2026-05-09T00:21:57.495384,5858.0,29.0,48179.0,user_644@example.com,412.0,0,,,
2026-05-09T00:21:57.495384,7544.0,53.0,140465.0,user_645@example.com,787.0,0,,,
2026-05-09T00:21:57.495384,5719.0,76.0,72188.0,user_646@example.com,626.0,0,,,
2026-05-09T00:21:57.495384,3814.0,52.0,75099.0,user_647@example.com,841.0,1,,,
2026-05-09T00:21:57.495384,4374.0,69.0,55262.0,user_648@example.com,364.0,0,,,
2026-05-09T00:21:57.495384,2252.0,78.0,98213.0,user_649@example.com,591.0,0,,,
2026-05-09T00:21:57.495384,7996.0,29.0,137407.0,user_650@example.com,324.0,0,,,
2026-05-09T00:21:57.495384,5673.0,24.0,38268.0,user_651@example.com,848.0,0,,,
2026-05-09T00:21:57.495384,5530.0,46.0,97866.0,user_652@example.com,300.0,0,,,
2026-05-09T00:21:57.495384,7881.0,28.0,106269.0,user_653@example.com,848.0,0,,,
2026-05-09T00:21:57.495384,7949.0,50.0,80545.0,user_654@example.com,440.0,1,,,
2026-05-09T00:21:57.495384,7241.0,23.0,123483.0,user_655@example.com,487.0,0,,,
2026-05-09T00:21:57.495384,9017.0,64.0,112822.0,user_656@example.com,427.0,0,,,
2026-05-09T00:21:57.495384,7941.0,32.0,92146.0,user_657@example.com,500.0,0,,,
2026-05-09T00:21:57.495384,8002.0,49.0,91966.0,user_658@example.com,426.0,0,,,
2026-05-09T00:21:57.495384,2331.0,68.0,59922.0,user_659@example.com,556.0,0,,,
2026-05-09T00:21:57.495384,5261.0,28.0,99364.0,user_660@example.com,846.0,0,,,
2026-05-09T00:21:57.495384,8648.0,75.0,62913.0,user_661@example.com,493.0,0,,,
2026-05-09T00:21:57.495384,6115.0,40.0,117033.0,user_662@example.com,403.0,1,,,
2026-05-09T00:21:57.495384,5637.0,43.0,124792.0,user_663@example.com,834.0,0,,,
2026-05-09T00:21:57.495384,5854.0,51.0,139425.0,user_664@example.com,564.0,0,,,
2026-05-09T00:21:57.495384,4177.0,63.0,75677.0,user_665@example.com,683.0,0,,,
2026-05-09T00:21:57.495384,8730.0,51.0,122154.0,user_666@example.com,559.0,1,,,
2026-05-09T00:21:57.495384,3180.0,46.0,69841.0,user_667@example.com,713.0,0,,,
2026-05-09T00:21:57.495384,5892.0,21.0,66332.0,user_668@example.com,657.0,0,,,
2026-05-09T00:21:57.495384,8043.0,34.0,112062.0,user_669@example.com,374.0,0,,,
2026-05-09T00:21:57.495384,1137.0,52.0,139863.0,user_670@example.com,654.0,0,,,
2026-05-09T00:21:57.495384,7327.0,30.0,115694.0,user_671@example.com,487.0,0,,,
2026-05-09T00:21:57.495384,4472.0,58.0,45032.0,user_672@example.com,589.0,0,,,
2026-05-09T00:21:57.495384,6449.0,56.0,57846.0,user_673@example.com,344.0,0,,,
2026-05-09T00:21:57.495384,3832.0,32.0,79474.0,user_674@example.com,382.0,0,,,
2026-05-09T00:21:57.495384,4579.0,72.0,64936.0,user_675@example.com,422.0,1,,,
2026-05-09T00:21:57.495384,6971.0,46.0,49794.0,user_676@example.com,657.0,0,,,
2026-05-09T00:21:57.495384,5164.0,46.0,81588.0,user_677@example.com,827.0,0,,,
2026-05-09T00:21:57.495384,8941.0,28.0,90984.0,user_678@example.com,365.0,0,,,
2026-05-09T00:21:57.495384,6569.0,69.0,70331.0,user_679@example.com,674.0,1,,,
2026-05-09T00:21:57.495384,5300.0,49.0,114397.0,user_680@example.com,461.0,0,,,
2026-05-09T00:21:57.495384,7269.0,19.0,48141.0,user_681@example.com,679.0,1,,,
2026-05-09T00:21:57.495384,4818.0,64.0,29074.0,user_682@example.com,657.0,0,,,
2026-05-09T00:21:57.495384,2906.0,31.0,26406.0,user_683@example.com,487.0,0,,,
2026-05-09T00:21:57.495384,7254.0,37.0,117359.0,user_684@example.com,621.0,1,,,
2026-05-09T00:21:57.495384,1760.0,39.0,143279.0,user_685@example.com,749.0,0,,,
2026-05-09T00:21:57.495384,8830.0,28.0,43291.0,user_686@example.com,773.0,0,,,
2026-05-09T00:21:57.495384,8350.0,44.0,61568.0,user_687@example.com,312.0,1,,,
2026-05-09T00:21:57.495384,7238.0,20.0,117539.0,user_688@example.com,483.0,0,,,
2026-05-09T00:21:57.495384,7090.0,34.0,66851.0,user_689@example.com,410.0,0,,,
2026-05-09T00:21:57.495384,7031.0,79.0,119942.0,user_690@example.com,807.0,0,,,
2026-05-09T00:21:57.495384,8687.0,61.0,74823.0,user_691@example.com,589.0,0,,,
2026-05-09T00:21:57.495384,9472.0,73.0,43312.0,user_692@example.com,594.0,0,,,
2026-05-09T00:21:57.495384,2887.0,45.0,63108.0,user_693@example.com,750.0,0,,,
2026-05-09T00:21:57.495384,4266.0,46.0,86918.0,user_694@example.com,514.0,0,,,
2026-05-09T00:21:57.495384,1666.0,38.0,54171.0,user_695@example.com,326.0,0,,,
2026-05-09T00:21:57.495384,5188.0,64.0,61779.0,user_696@example.com,530.0,0,,,
2026-05-09T00:21:57.495384,1671.0,33.0,88828.0,user_697@example.com,620.0,1,,,
2026-05-09T00:21:57.495384,7777.0,54.0,127315.0,user_698@example.com,532.0,0,,,
2026-05-09T00:21:57.495384,8570.0,76.0,118723.0,user_699@example.com,736.0,1,,,
2026-05-09T00:21:57.495384,8956.0,37.0,32411.0,user_700@example.com,832.0,0,,,
2026-05-09T00:21:57.495384,6124.0,23.0,122821.0,user_701@example.com,702.0,0,,,
2026-05-09T00:21:57.495384,6585.0,36.0,137990.0,user_702@example.com,352.0,0,,,
2026-05-09T00:21:57.495384,5777.0,74.0,77009.0,user_703@example.com,612.0,0,,,
2026-05-09T00:21:57.495384,4900.0,22.0,35422.0,user_704@example.com,580.0,0,,,
2026-05-09T00:21:57.495384,7677.0,20.0,62468.0,user_705@example.com,330.0,0,,,
2026-05-09T00:21:57.495384,7981.0,76.0,52371.0,user_706@example.com,636.0,0,,,
2026-05-09T00:21:57.495384,7376.0,18.0,77022.0,user_707@example.com,482.0,1,,,
2026-05-09T00:21:57.495384,1523.0,75.0,91229.0,user_708@example.com,322.0,0,,,
2026-05-09T00:21:57.495384,3393.0,77.0,119071.0,user_709@example.com,843.0,0,,,
2026-05-09T00:21:57.495384,3593.0,55.0,71196.0,user_710@example.com,745.0,0,,,
2026-05-09T00:21:57.495384,8240.0,32.0,100354.0,user_711@example.com,373.0,0,,,
2026-05-09T00:21:57.495384,7937.0,51.0,116774.0,user_712@example.com,309.0,0,,,
2026-05-09T00:21:57.495384,7190.0,78.0,116410.0,user_713@example.com,783.0,0,,,
2026-05-09T00:21:57.495384,6240.0,52.0,46715.0,user_714@example.com,755.0,1,,,
2026-05-09T00:21:57.495384,7493.0,66.0,47605.0,user_715@example.com,459.0,0,,,
2026-05-09T00:21:57.495384,3878.0,42.0,119853.0,user_716@example.com,313.0,0,,,
2026-05-09T00:21:57.495384,5143.0,41.0,51174.0,user_717@example.com,477.0,0,,,
2026-05-09T00:21:57.495384,4644.0,29.0,29956.0,user_718@example.com,711.0,0,,,
2026-05-09T00:21:57.495384,5432.0,35.0,124444.0,user_719@example.com,352.0,0,,,
2026-05-09T00:21:57.495384,2276.0,32.0,96373.0,user_720@example.com,707.0,0,,,
2026-05-09T00:21:57.495384,6811.0,61.0,89252.0,user_721@example.com,321.0,0,,,
2026-05-09T00:21:57.495384,1302.0,33.0,81949.0,user_722@example.com,329.0,0,,,
2026-05-09T00:21:57.495384,1638.0,44.0,82646.0,user_723@example.com,559.0,0,,,
2026-05-09T00:21:57.495384,1055.0,25.0,90017.0,user_724@example.com,504.0,0,,,
2026-05-09T00:21:57.495384,9717.0,77.0,83037.0,user_725@example.com,358.0,0,,,
2026-05-09T00:21:57.495384,9150.0,63.0,109818.0,user_726@example.com,770.0,0,,,
2026-05-09T00:21:57.495384,3125.0,42.0,26548.0,user_727@example.com,765.0,0,,,
2026-05-09T00:21:57.495384,1364.0,34.0,136981.0,user_728@example.com,311.0,1,,,
2026-05-09T00:21:57.495384,7809.0,46.0,123141.0,user_729@example.com,589.0,1,,,
2026-05-09T00:21:57.495384,5621.0,70.0,93294.0,user_730@example.com,653.0,1,,,
2026-05-09T00:21:57.495384,6126.0,25.0,129204.0,user_731@example.com,374.0,0,,,
2026-05-09T00:21:57.495384,6122.0,32.0,43177.0,user_732@example.com,740.0,0,,,
2026-05-09T00:21:57.495384,2646.0,44.0,44022.0,user_733@example.com,540.0,0,,,
2026-05-09T00:21:57.495384,1918.0,63.0,126297.0,user_734@example.com,453.0,1,,,
2026-05-09T00:21:57.495384,3797.0,67.0,140695.0,user_735@example.com,395.0,0,,,
2026-05-09T00:21:57.495384,7506.0,69.0,25542.0,user_736@example.com,593.0,1,,,
2026-05-09T00:21:57.495384,6870.0,24.0,111012.0,user_737@example.com,508.0,1,,,
2026-05-09T00:21:57.495384,2531.0,20.0,116320.0,user_738@example.com,642.0,0,,,
2026-05-09T00:21:57.495384,9172.0,46.0,80428.0,user_739@example.com,387.0,0,,,
2026-05-09T00:21:57.495384,4345.0,61.0,42740.0,user_740@example.com,689.0,0,,,
2026-05-09T00:21:57.495384,8673.0,70.0,79353.0,user_741@example.com,624.0,1,,,
2026-05-09T00:21:57.495384,7949.0,41.0,110353.0,user_742@example.com,456.0,0,,,
2026-05-09T00:21:57.495384,7882.0,77.0,133132.0,user_743@example.com,436.0,1,,,
2026-05-09T00:21:57.495384,2906.0,75.0,76532.0,user_744@example.com,727.0,0,,,
2026-05-09T00:21:57.495384,4086.0,20.0,36052.0,user_745@example.com,751.0,0,,,
2026-05-09T00:21:57.495384,9152.0,37.0,120689.0,user_746@example.com,440.0,1,,,
2026-05-09T00:21:57.495384,6750.0,63.0,67076.0,user_747@example.com,382.0,0,,,
2026-05-09T00:21:57.495384,9905.0,32.0,73420.0,user_748@example.com,476.0,0,,,
2026-05-09T00:21:57.495384,2062.0,42.0,20671.0,user_749@example.com,497.0,0,,,
2026-05-09T00:21:57.495384,2976.0,47.0,20163.0,user_750@example.com,720.0,0,,,
2026-05-09T00:21:57.495384,2296.0,31.0,61424.0,user_751@example.com,700.0,0,,,
2026-05-09T00:21:57.495384,7229.0,24.0,129538.0,user_752@example.com,770.0,0,,,
2026-05-09T00:21:57.495384,8641.0,34.0,73744.0,user_753@example.com,517.0,1,,,
2026-05-09T00:21:57.495384,1125.0,79.0,90331.0,user_754@example.com,474.0,1,,,
2026-05-09T00:21:57.495384,5632.0,61.0,30634.0,user_755@example.com,322.0,0,,,
2026-05-09T00:21:57.495384,7288.0,37.0,24798.0,user_756@example.com,534.0,0,,,
2026-05-09T00:21:57.495384,4596.0,53.0,42420.0,user_757@example.com,312.0,0,,,
2026-05-09T00:21:57.495384,7168.0,26.0,137043.0,user_758@example.com,400.0,0,,,
2026-05-09T00:21:57.495384,8561.0,55.0,140575.0,user_759@example.com,835.0,1,,,
2026-05-09T00:21:57.495384,9258.0,65.0,147158.0,user_760@example.com,822.0,0,,,
2026-05-09T00:21:57.495384,1232.0,74.0,49300.0,user_761@example.com,751.0,0,,,
2026-05-09T00:21:57.495384,7371.0,77.0,109881.0,user_762@example.com,730.0,0,,,
2026-05-09T00:21:57.495384,5206.0,39.0,30749.0,user_763@example.com,832.0,0,,,
2026-05-09T00:21:57.495384,8943.0,71.0,124131.0,user_764@example.com,592.0,0,,,
2026-05-09T00:21:57.495384,7891.0,70.0,45121.0,user_765@example.com,400.0,0,,,
2026-05-09T00:21:57.495384,7738.0,70.0,148563.0,user_766@example.com,801.0,0,,,
2026-05-09T00:21:57.495384,3472.0,19.0,57487.0,user_767@example.com,603.0,0,,,
2026-05-09T00:21:57.495384,3739.0,41.0,113947.0,user_768@example.com,839.0,0,,,
2026-05-09T00:21:57.495384,6401.0,25.0,53361.0,user_769@example.com,654.0,0,,,
2026-05-09T00:21:57.495384,2761.0,28.0,41223.0,user_770@example.com,602.0,0,,,
2026-05-09T00:21:57.495384,1876.0,30.0,92930.0,user_771@example.com,795.0,0,,,
2026-05-09T00:21:57.495384,4812.0,34.0,34056.0,user_772@example.com,526.0,0,,,
2026-05-09T00:21:57.495384,2460.0,25.0,48380.0,user_773@example.com,535.0,0,,,
2026-05-09T00:21:57.495384,2733.0,38.0,46035.0,user_774@example.com,754.0,0,,,
2026-05-09T00:21:57.495384,2605.0,35.0,50620.0,user_775@example.com,312.0,0,,,
2026-05-09T00:21:57.495384,6622.0,47.0,39877.0,user_776@example.com,509.0,1,,,
2026-05-09T00:21:57.495384,7767.0,35.0,145481.0,user_777@example.com,696.0,1,,,
2026-05-09T00:21:57.495384,7986.0,63.0,75316.0,user_778@example.com,399.0,0,,,
2026-05-09T00:21:57.495384,4517.0,64.0,84041.0,user_779@example.com,330.0,1,,,
2026-05-09T00:21:57.495384,4735.0,48.0,128940.0,user_780@example.com,827.0,0,,,
2026-05-09T00:21:57.495384,9434.0,55.0,137360.0,user_781@example.com,628.0,0,,,
2026-05-09T00:21:57.495384,3590.0,49.0,73352.0,user_782@example.com,465.0,0,,,
2026-05-09T00:21:57.495384,2063.0,28.0,50911.0,user_783@example.com,758.0,0,,,
2026-05-09T00:21:57.495384,5324.0,62.0,52784.0,user_784@example.com,399.0,0,,,
2026-05-09T00:21:57.495384,6342.0,42.0,23191.0,user_785@example.com,472.0,0,,,
2026-05-09T00:21:57.495384,1005.0,50.0,53160.0,user_786@example.com,461.0,0,,,
2026-05-09T00:21:57.495384,8489.0,77.0,110536.0,user_787@example.com,562.0,0,,,
2026-05-09T00:21:57.495384,9659.0,55.0,124576.0,user_788@example.com,573.0,0,,,
2026-05-09T00:21:57.495384,9195.0,58.0,84641.0,user_789@example.com,302.0,1,,,
2026-05-09T00:21:57.495384,6966.0,25.0,69723.0,user_790@example.com,327.0,0,,,
2026-05-09T00:21:57.495384,9837.0,28.0,23631.0,user_791@example.com,625.0,0,,,
2026-05-09T00:21:57.495384,1117.0,39.0,26172.0,user_792@example.com,448.0,0,,,
2026-05-09T00:21:57.495384,3551.0,68.0,62080.0,user_793@example.com,839.0,0,,,
2026-05-09T00:21:57.495384,6560.0,41.0,109097.0,user_794@example.com,787.0,0,,,
2026-05-09T00:21:57.495384,5289.0,58.0,110353.0,user_795@example.com,737.0,0,,,
2026-05-09T00:21:57.495384,1846.0,34.0,40281.0,user_796@example.com,364.0,0,,,
2026-05-09T00:21:57.495384,7316.0,29.0,48671.0,user_797@example.com,655.0,0,,,
2026-05-09T00:21:57.495384,7469.0,74.0,142811.0,user_798@example.com,832.0,0,,,
2026-05-09T00:21:57.495384,9915.0,63.0,71431.0,user_799@example.com,551.0,0,,,
2026-05-09T00:21:57.495384,1224.0,49.0,110900.0,user_800@example.com,534.0,0,,,
2026-05-09T00:21:57.495384,5208.0,32.0,142139.0,user_801@example.com,526.0,0,,,
2026-05-09T00:21:57.495384,7283.0,33.0,127210.0,user_802@example.com,824.0,0,,,
2026-05-09T00:21:57.495384,3048.0,71.0,147734.0,user_803@example.com,612.0,0,,,
2026-05-09T00:21:57.495384,7233.0,39.0,112961.0,user_804@example.com,348.0,1,,,
2026-05-09T00:21:57.495384,2828.0,45.0,135463.0,user_805@example.com,417.0,1,,,
2026-05-09T00:21:57.495384,2917.0,37.0,48602.0,user_806@example.com,353.0,1,,,
2026-05-09T00:21:57.495384,5234.0,50.0,108789.0,user_807@example.com,343.0,0,,,
2026-05-09T00:21:57.495384,7988.0,27.0,71399.0,user_808@example.com,352.0,0,,,
2026-05-09T00:21:57.495384,3026.0,57.0,43472.0,user_809@example.com,824.0,0,,,
2026-05-09T00:21:57.495384,4744.0,49.0,69230.0,user_810@example.com,401.0,0,,,
2026-05-09T00:21:57.495384,1009.0,67.0,93616.0,user_811@example.com,697.0,0,,,
2026-05-09T00:21:57.495384,1260.0,77.0,27099.0,user_812@example.com,437.0,0,,,
2026-05-09T00:21:57.495384,7038.0,50.0,138614.0,user_813@example.com,686.0,1,,,
2026-05-09T00:21:57.495384,3219.0,19.0,45431.0,user_814@example.com,410.0,0,,,
2026-05-09T00:21:57.495384,8041.0,50.0,76492.0,user_815@example.com,316.0,1,,,
2026-05-09T00:21:57.495384,3060.0,50.0,116722.0,user_816@example.com,481.0,0,,,
2026-05-09T00:21:57.495384,6287.0,58.0,67684.0,user_817@example.com,835.0,0,,,
2026-05-09T00:21:57.495384,2619.0,30.0,50111.0,user_818@example.com,840.0,0,,,
2026-05-09T00:21:57.495384,9512.0,47.0,125387.0,user_819@example.com,470.0,0,,,
2026-05-09T00:21:57.495384,2342.0,50.0,83936.0,user_820@example.com,708.0,0,,,
2026-05-09T00:21:57.495384,3832.0,30.0,42614.0,user_821@example.com,677.0,0,,,
2026-05-09T00:21:57.495384,3824.0,69.0,112260.0,user_822@example.com,487.0,0,,,
2026-05-09T00:21:57.495384,2994.0,43.0,61991.0,user_823@example.com,529.0,0,,,
2026-05-09T00:21:57.495384,4490.0,39.0,90476.0,user_824@example.com,418.0,1,,,
2026-05-09T00:21:57.495384,8984.0,56.0,137959.0,user_825@example.com,455.0,1,,,
2026-05-09T00:21:57.495384,2604.0,19.0,80920.0,user_826@example.com,764.0,1,,,
2026-05-09T00:21:57.495384,1235.0,55.0,114294.0,user_827@example.com,403.0,0,,,
2026-05-09T00:21:57.495384,2908.0,56.0,83530.0,user_828@example.com,801.0,0,,,
2026-05-09T00:21:57.495384,9567.0,43.0,56224.0,user_829@example.com,474.0,0,,,
2026-05-09T00:21:57.495384,4530.0,63.0,27788.0,user_830@example.com,720.0,0,,,
2026-05-09T00:21:57.495384,6256.0,75.0,48082.0,user_831@example.com,433.0,0,,,
2026-05-09T00:21:57.495384,3635.0,67.0,143287.0,user_832@example.com,690.0,0,,,
2026-05-09T00:21:57.495384,9162.0,32.0,109570.0,user_833@example.com,800.0,0,,,
2026-05-09T00:21:57.495384,3560.0,51.0,121015.0,user_834@example.com,332.0,0,,,
2026-05-09T00:21:57.495384,6415.0,59.0,96816.0,user_835@example.com,354.0,0,,,
2026-05-09T00:21:57.495384,4391.0,72.0,103588.0,user_836@example.com,818.0,0,,,
2026-05-09T00:21:57.495384,6951.0,61.0,36531.0,user_837@example.com,311.0,0,,,
2026-05-09T00:21:57.495384,6468.0,66.0,108340.0,user_838@example.com,827.0,0,,,
2026-05-09T00:21:57.495384,9007.0,57.0,114439.0,user_839@example.com,672.0,0,,,
2026-05-09T00:21:57.495384,7413.0,28.0,64857.0,user_840@example.com,783.0,0,,,
2026-05-09T00:21:57.495384,7941.0,78.0,30142.0,user_841@example.com,527.0,0,,,
2026-05-09T00:21:57.495384,5820.0,20.0,135053.0,user_842@example.com,606.0,0,,,
2026-05-09T00:21:57.495384,3898.0,76.0,68355.0,user_843@example.com,756.0,0,,,
2026-05-09T00:21:57.495384,8546.0,23.0,29866.0,user_844@example.com,459.0,0,,,
2026-05-09T00:21:57.495384,1077.0,26.0,90067.0,user_845@example.com,630.0,0,,,
2026-05-09T00:21:57.495384,8577.0,23.0,130990.0,user_846@example.com,524.0,0,,,
2026-05-09T00:21:57.495384,5227.0,26.0,123634.0,user_847@example.com,803.0,1,,,
2026-05-09T00:21:57.495384,1600.0,56.0,123814.0,user_848@example.com,755.0,0,,,
2026-05-09T00:21:57.495384,2065.0,48.0,145426.0,user_849@example.com,344.0,0,,,
2026-05-09T00:21:57.495384,3136.0,49.0,84027.0,user_850@example.com,513.0,0,,,
2026-05-09T00:21:57.495384,7943.0,58.0,77906.0,user_851@example.com,358.0,0,,,
2026-05-09T00:21:57.495384,8804.0,67.0,48138.0,user_852@example.com,494.0,0,,,
2026-05-09T00:21:57.495384,7565.0,29.0,112601.0,user_853@example.com,788.0,0,,,
2026-05-09T00:21:57.495384,6984.0,25.0,49956.0,user_854@example.com,456.0,0,,,
2026-05-09T00:21:57.495384,6142.0,25.0,127268.0,user_855@example.com,525.0,0,,,
2026-05-09T00:21:57.495384,5670.0,67.0,124797.0,user_856@example.com,711.0,0,,,
2026-05-09T00:21:57.495384,3190.0,45.0,144917.0,user_857@example.com,504.0,0,,,
2026-05-09T00:21:57.495384,3712.0,79.0,146303.0,user_858@example.com,378.0,1,,,
2026-05-09T00:21:57.495384,3192.0,37.0,96295.0,user_859@example.com,423.0,0,,,
2026-05-09T00:21:57.495384,2248.0,79.0,25439.0,user_860@example.com,770.0,1,,,
2026-05-09T00:21:57.495384,5033.0,64.0,67241.0,user_861@example.com,517.0,0,,,
2026-05-09T00:21:57.495384,2997.0,76.0,62533.0,user_862@example.com,815.0,1,,,
2026-05-09T00:21:57.495384,4687.0,24.0,48270.0,user_863@example.com,403.0,1,,,
2026-05-09T00:21:57.495384,5018.0,28.0,98815.0,user_864@example.com,692.0,0,,,
2026-05-09T00:21:57.495384,2970.0,37.0,59279.0,user_865@example.com,733.0,0,,,
2026-05-09T00:21:57.495384,9389.0,33.0,129787.0,user_866@example.com,630.0,0,,,
2026-05-09T00:21:57.495384,6765.0,21.0,43888.0,user_867@example.com,442.0,0,,,
2026-05-09T00:21:57.495384,2202.0,23.0,37630.0,user_868@example.com,839.0,0,,,
2026-05-09T00:21:57.495384,9135.0,75.0,81063.0,user_869@example.com,577.0,0,,,
2026-05-09T00:21:57.495384,6567.0,39.0,138527.0,user_870@example.com,532.0,0,,,
2026-05-09T00:21:57.495384,8667.0,43.0,143239.0,user_871@example.com,828.0,0,,,
2026-05-09T00:21:57.495384,6742.0,20.0,147896.0,user_872@example.com,389.0,1,,,
2026-05-09T00:21:57.495384,6788.0,58.0,55144.0,user_873@example.com,791.0,0,,,
2026-05-09T00:21:57.495384,6408.0,77.0,72161.0,user_874@example.com,498.0,0,,,
2026-05-09T00:21:57.495384,9669.0,59.0,116718.0,user_875@example.com,661.0,0,,,
2026-05-09T00:21:57.495384,1922.0,31.0,145873.0,user_876@example.com,740.0,1,,,
2026-05-09T00:21:57.495384,1419.0,28.0,111074.0,user_877@example.com,325.0,0,,,
2026-05-09T00:21:57.495384,3204.0,35.0,97360.0,user_878@example.com,324.0,0,,,
2026-05-09T00:21:57.495384,2120.0,71.0,70979.0,user_879@example.com,693.0,0,,,
2026-05-09T00:21:57.495384,1950.0,29.0,117661.0,user_880@example.com,806.0,0,,,
2026-05-09T00:21:57.495384,3336.0,40.0,26979.0,user_881@example.com,600.0,0,,,
2026-05-09T00:21:57.495384,6373.0,29.0,46189.0,user_882@example.com,638.0,1,,,
2026-05-09T00:21:57.495384,3243.0,30.0,62600.0,user_883@example.com,566.0,0,,,
2026-05-09T00:21:57.495384,3645.0,42.0,79560.0,user_884@example.com,760.0,0,,,
2026-05-09T00:21:57.495384,5612.0,62.0,98040.0,user_885@example.com,755.0,1,,,
2026-05-09T00:21:57.495384,2865.0,68.0,143257.0,user_886@example.com,659.0,0,,,
2026-05-09T00:21:57.495384,7028.0,75.0,81558.0,user_887@example.com,367.0,0,,,
2026-05-09T00:21:57.495384,8326.0,36.0,106205.0,user_888@example.com,711.0,1,,,
2026-05-09T00:21:57.495384,7371.0,72.0,26910.0,user_889@example.com,790.0,0,,,
2026-05-09T00:21:57.495384,7359.0,63.0,77713.0,user_890@example.com,348.0,0,,,
2026-05-09T00:21:57.495384,8863.0,53.0,66857.0,user_891@example.com,401.0,0,,,
2026-05-09T00:21:57.495384,4228.0,62.0,54964.0,user_892@example.com,515.0,0,,,
2026-05-09T00:21:57.495384,4719.0,25.0,105667.0,user_893@example.com,737.0,0,,,
2026-05-09T00:21:57.495384,3371.0,46.0,45227.0,user_894@example.com,458.0,0,,,
2026-05-09T00:21:57.495384,3891.0,72.0,25978.0,user_895@example.com,788.0,0,,,
2026-05-09T00:21:57.495384,4756.0,70.0,107527.0,user_896@example.com,541.0,1,,,
2026-05-09T00:21:57.495384,5225.0,72.0,37153.0,user_897@example.com,304.0,0,,,
2026-05-09T00:21:57.495384,1094.0,49.0,79765.0,user_898@example.com,660.0,1,,,
2026-05-09T00:21:57.495384,3674.0,68.0,119084.0,user_899@example.com,758.0,1,,,
2026-05-09T00:21:57.495384,7898.0,61.0,128212.0,user_900@example.com,547.0,0,,,
2026-05-09T00:21:57.495384,1793.0,35.0,59071.0,user_901@example.com,721.0,0,,,
2026-05-09T00:21:57.495384,3116.0,23.0,132990.0,user_902@example.com,314.0,0,,,
2026-05-09T00:21:57.495384,6779.0,35.0,89519.0,user_903@example.com,421.0,0,,,
2026-05-09T00:21:57.495384,7166.0,36.0,29503.0,user_904@example.com,576.0,1,,,
2026-05-09T00:21:57.495384,1814.0,39.0,80703.0,user_905@example.com,752.0,0,,,
2026-05-09T00:21:57.495384,1345.0,54.0,84379.0,user_906@example.com,689.0,0,,,
2026-05-09T00:21:57.495384,9554.0,49.0,115457.0,user_907@example.com,593.0,0,,,
2026-05-09T00:21:57.495384,3443.0,73.0,77866.0,user_908@example.com,745.0,0,,,
2026-05-09T00:21:57.495384,8783.0,58.0,36905.0,user_909@example.com,509.0,0,,,
2026-05-09T00:21:57.495384,1984.0,76.0,65838.0,user_910@example.com,601.0,0,,,
2026-05-09T00:21:57.495384,8790.0,20.0,145200.0,user_911@example.com,522.0,0,,,
2026-05-09T00:21:57.495384,1827.0,45.0,78279.0,user_912@example.com,302.0,0,,,
2026-05-09T00:21:57.495384,4531.0,27.0,109489.0,user_913@example.com,817.0,0,,,
2026-05-09T00:21:57.495384,8147.0,68.0,46806.0,user_914@example.com,392.0,0,,,
2026-05-09T00:21:57.495384,5451.0,52.0,65000.0,user_915@example.com,819.0,0,,,
2026-05-09T00:21:57.495384,4876.0,78.0,42168.0,user_916@example.com,727.0,1,,,
2026-05-09T00:21:57.495384,6959.0,46.0,90119.0,user_917@example.com,792.0,0,,,
2026-05-09T00:21:57.495384,1126.0,71.0,58714.0,user_918@example.com,534.0,0,,,
2026-05-09T00:21:57.495384,4177.0,32.0,74093.0,user_919@example.com,460.0,0,,,
2026-05-09T00:21:57.495384,9795.0,50.0,75419.0,user_920@example.com,630.0,0,,,
2026-05-09T00:21:57.495384,7024.0,24.0,69145.0,user_921@example.com,632.0,1,,,
2026-05-09T00:21:57.495384,6109.0,29.0,125432.0,user_922@example.com,349.0,0,,,
2026-05-09T00:21:57.495384,5146.0,66.0,97425.0,user_923@example.com,822.0,0,,,
2026-05-09T00:21:57.495384,8196.0,47.0,112949.0,user_924@example.com,791.0,0,,,
2026-05-09T00:21:57.495384,4368.0,38.0,97811.0,user_925@example.com,571.0,0,,,
2026-05-09T00:21:57.495384,4797.0,48.0,22461.0,user_926@example.com,551.0,0,,,
2026-05-09T00:21:57.495384,2792.0,75.0,34291.0,user_927@example.com,389.0,0,,,
2026-05-09T00:21:57.495384,6732.0,78.0,66804.0,user_928@example.com,745.0,0,,,
2026-05-09T00:21:57.495384,4476.0,41.0,96971.0,user_929@example.com,631.0,0,,,
2026-05-09T00:21:57.495384,4417.0,37.0,113471.0,user_930@example.com,438.0,0,,,
2026-05-09T00:21:57.495384,2645.0,54.0,84946.0,user_931@example.com,656.0,1,,,
2026-05-09T00:21:57.495384,4030.0,21.0,118989.0,user_932@example.com,573.0,0,,,
2026-05-09T00:21:57.495384,3872.0,45.0,104080.0,user_933@example.com,318.0,0,,,
2026-05-09T00:21:57.495384,4072.0,61.0,141719.0,user_934@example.com,610.0,0,,,
2026-05-09T00:21:57.495384,2854.0,79.0,81332.0,user_935@example.com,453.0,1,,,
2026-05-09T00:21:57.495384,5021.0,37.0,97794.0,user_936@example.com,689.0,0,,,
2026-05-09T00:21:57.495384,5662.0,77.0,50841.0,user_937@example.com,559.0,1,,,
2026-05-09T00:21:57.495384,7514.0,41.0,144447.0,user_938@example.com,424.0,0,,,
2026-05-09T00:21:57.495384,6031.0,67.0,140029.0,user_939@example.com,653.0,0,,,
2026-05-09T00:21:57.495384,3708.0,66.0,68758.0,user_940@example.com,572.0,0,,,
2026-05-09T00:21:57.495384,8112.0,68.0,134726.0,user_941@example.com,544.0,0,,,
2026-05-09T00:21:57.495384,9393.0,49.0,96272.0,user_942@example.com,749.0,0,,,
2026-05-09T00:21:57.495384,4507.0,58.0,57643.0,user_943@example.com,546.0,0,,,
2026-05-09T00:21:57.495384,7456.0,53.0,70408.0,user_944@example.com,819.0,0,,,
2026-05-09T00:21:57.495384,5212.0,75.0,63950.0,user_945@example.com,440.0,0,,,
2026-05-09T00:21:57.495384,8970.0,70.0,76849.0,user_946@example.com,661.0,0,,,
2026-05-09T00:21:57.495384,9766.0,51.0,120500.0,user_947@example.com,307.0,0,,,
2026-05-09T00:21:57.495384,1536.0,53.0,48044.0,user_948@example.com,777.0,0,,,
2026-05-09T00:21:57.495384,2625.0,19.0,125469.0,user_949@example.com,651.0,0,,,
2026-05-09T00:21:57.495384,8973.0,32.0,145588.0,user_950@example.com,794.0,0,,,
2026-05-09T00:21:57.495384,9577.0,51.0,35997.0,user_951@example.com,726.0,0,,,
2026-05-09T00:21:57.495384,9070.0,53.0,99751.0,user_952@example.com,338.0,1,,,
2026-05-09T00:21:57.495384,9666.0,23.0,118605.0,user_953@example.com,486.0,0,,,
2026-05-09T00:21:57.495384,9609.0,56.0,43911.0,user_954@example.com,392.0,0,,,
2026-05-09T00:21:57.495384,7490.0,59.0,75533.0,user_955@example.com,385.0,0,,,
2026-05-09T00:21:57.495384,4600.0,68.0,102566.0,user_956@example.com,343.0,1,,,
2026-05-09T00:21:57.495384,7783.0,68.0,114870.0,user_957@example.com,436.0,0,,,
2026-05-09T00:21:57.495384,5971.0,75.0,34571.0,user_958@example.com,720.0,0,,,
2026-05-09T00:21:57.495384,2205.0,71.0,128255.0,user_959@example.com,373.0,1,,,
2026-05-09T00:21:57.495384,2990.0,78.0,149226.0,user_960@example.com,847.0,0,,,
2026-05-09T00:21:57.495384,6299.0,29.0,114463.0,user_961@example.com,811.0,0,,,
2026-05-09T00:21:57.495384,4572.0,20.0,77941.0,user_962@example.com,455.0,0,,,
2026-05-09T00:21:57.495384,6975.0,62.0,78005.0,user_963@example.com,554.0,0,,,
2026-05-09T00:21:57.495384,7320.0,35.0,106250.0,user_964@example.com,470.0,0,,,
2026-05-09T00:21:57.495384,5380.0,57.0,78712.0,user_965@example.com,469.0,1,,,
2026-05-09T00:21:57.495384,5757.0,38.0,63541.0,user_966@example.com,621.0,0,,,
2026-05-09T00:21:57.495384,3713.0,32.0,43387.0,user_967@example.com,755.0,1,,,
2026-05-09T00:21:57.495384,6588.0,50.0,113980.0,user_968@example.com,454.0,0,,,
2026-05-09T00:21:57.495384,1966.0,52.0,68908.0,user_969@example.com,648.0,0,,,
2026-05-09T00:21:57.495384,5944.0,43.0,105457.0,user_970@example.com,750.0,0,,,
2026-05-09T00:21:57.495384,4432.0,25.0,33057.0,user_971@example.com,472.0,0,,,
2026-05-09T00:21:57.495384,1688.0,53.0,84028.0,user_972@example.com,309.0,0,,,
2026-05-09T00:21:57.495384,5243.0,65.0,130804.0,user_973@example.com,564.0,0,,,
2026-05-09T00:21:57.495384,4701.0,47.0,139246.0,user_974@example.com,737.0,0,,,
2026-05-09T00:21:57.495384,9533.0,40.0,75731.0,user_975@example.com,546.0,0,,,
2026-05-09T00:21:57.495384,6182.0,59.0,44858.0,user_976@example.com,845.0,0,,,
2026-05-09T00:21:57.495384,7704.0,61.0,68689.0,user_977@example.com,798.0,0,,,
2026-05-09T00:21:57.495384,5422.0,31.0,64638.0,user_978@example.com,428.0,0,,,
2026-05-09T00:21:57.495384,2759.0,31.0,111598.0,user_979@example.com,626.0,0,,,
2026-05-09T00:21:57.495384,3482.0,19.0,122386.0,user_980@example.com,703.0,0,,,
2026-05-09T00:21:57.495384,9058.0,72.0,66486.0,user_981@example.com,658.0,1,,,
2026-05-09T00:21:57.495384,1951.0,54.0,40567.0,user_982@example.com,316.0,0,,,
2026-05-09T00:21:57.495384,9914.0,22.0,49739.0,user_983@example.com,573.0,0,,,
2026-05-09T00:21:57.495384,3079.0,55.0,77804.0,user_984@example.com,415.0,0,,,
2026-05-09T00:21:57.495384,3717.0,62.0,128821.0,user_985@example.com,390.0,0,,,
2026-05-09T00:21:57.495384,5524.0,58.0,23754.0,user_986@example.com,381.0,0,,,
2026-05-09T00:21:57.495384,9477.0,79.0,47044.0,user_987@example.com,623.0,1,,,
2026-05-09T00:21:57.495384,8311.0,71.0,87260.0,user_988@example.com,413.0,1,,,
2026-05-09T00:21:57.495384,8186.0,77.0,86912.0,user_989@example.com,357.0,0,,,
2026-05-09T00:21:57.495384,3065.0,78.0,145623.0,user_990@example.com,453.0,0,,,
2026-05-09T00:21:57.495384,1768.0,64.0,28706.0,user_991@example.com,703.0,0,,,
2026-05-09T00:21:57.495384,6490.0,31.0,28894.0,user_992@example.com,565.0,0,,,
2026-05-09T00:21:57.495384,7645.0,73.0,38037.0,user_993@example.com,614.0,0,,,
2026-05-09T00:21:57.495384,6083.0,56.0,103986.0,user_994@example.com,340.0,0,,,
2026-05-09T00:21:57.495384,6232.0,42.0,101942.0,user_995@example.com,404.0,0,,,
2026-05-09T00:21:57.495384,6797.0,37.0,71612.0,user_996@example.com,492.0,0,,,
2026-05-09T00:21:57.495384,5926.0,19.0,49725.0,user_997@example.com,700.0,0,,,
2026-05-09T00:21:57.495384,7016.0,56.0,25926.0,user_998@example.com,577.0,1,,,
2026-05-09T00:21:57.495384,4335.0,23.0,124555.0,user_999@example.com,653.0,0,,,
2026-05-09T13:11:39.182128,,,,,,0,raw_logs.txt,txt,"This is a raw text file containing some system logs and unstructured data.
User: 1003, Action: LOGIN, Status: SUCCESS
User: 1004, Action: LOGOUT, Status: ERROR
"
2026-05-09T13:11:39.182128,,,,,,0,logic.js,js,"function processData(input) {
    console.log(""Processing: "" + input);
    return input.trim().toLowerCase();
}
// SAMOS Integration Test
"
2026-05-09T13:00:00,1001.0,34.0,50000.0,test_user@samos.ai,750.0,0,,,
2026-05-09T13:01:00,1002.0,45.0,65000.0,demo_user@samos.ai,680.0,1,,,
2026-05-09T13:11:40.239271,,,,,,0,raw_logs.txt,txt,"This is a raw text file containing some system logs and unstructured data.
User: 1003, Action: LOGIN, Status: SUCCESS
User: 1004, Action: LOGOUT, Status: ERROR
"
2026-05-09T13:11:40.239271,,,,,,0,logic.js,js,"function processData(input) {
    console.log(""Processing: "" + input);
    return input.trim().toLowerCase();
}
// SAMOS Integration Test
"
