user_id,age,income,credit_score,income_per_age,high_credit,churn
9666,74,64738,365,863.1733333333333,0,0
3558,72,53397,411,731.4657534246576,0,0
8849,20,102189,312,4866.142857142857,0,0
3047,41,96367,692,2294.4523809523807,0,0
3747,40,144873,799,3533.487804878049,1,1
1189,76,91260,533,1185.1948051948052,0,0
3734,78,140585,613,1779.5569620253164,0,0
4005,25,96619,311,3716.1153846153848,0,1
5658,71,131453,508,1825.736111111111,0,0
2899,74,39816,313,530.88,0,0
8734,64,62240,717,957.5384615384615,1,0
2267,54,26276,736,477.74545454545455,1,0
2528,20,133939,676,6378.047619047619,0,1
4556,68,124199,319,1799.9855072463768,0,0
4890,50,99530,369,1951.5686274509803,0,0
9838,45,43499,510,945.6304347826087,0,0
6393,64,108576,400,1670.4,0,0
9792,25,128856,431,4956.0,0,1
9433,51,102495,680,1971.0576923076924,0,0
8513,52,141717,431,2673.9056603773583,0,0
3612,49,91635,319,1832.7,0,0
8041,41,127803,835,3042.9285714285716,1,0
7235,31,105112,526,3284.75,0,0
6486,49,55946,453,1118.92,0,0
8099,73,75204,768,1016.2702702702703,1,0
1775,63,71886,704,1123.21875,1,0
9226,60,91652,501,1502.4918032786886,0,0
4152,33,35563,337,1045.9705882352941,0,0
2585,21,112324,487,5105.636363636364,0,0
4943,69,112464,356,1606.6285714285714,0,1
8555,54,121872,319,2215.8545454545456,0,0
4073,71,29847,572,414.5416666666667,0,0
2021,38,46155,418,1183.4615384615386,0,0
4843,31,99671,815,3114.71875,1,0
8989,48,136891,520,2793.6938775510203,0,0
7873,72,103310,825,1415.2054794520548,1,0
6675,65,87278,814,1322.3939393939395,1,0
1161,35,38309,635,1064.138888888889,0,0
5297,24,20619,354,824.76,0,1
1995,27,103194,799,3685.5,1,1
8629,24,70108,835,2804.32,1,0
2016,50,54707,461,1072.686274509804,0,0
8869,40,40337,458,983.829268292683,0,0
7439,38,145261,487,3724.641025641026,0,0
8892,36,101537,359,2744.2432432432433,0,1
7863,65,86504,618,1310.6666666666667,0,0
8916,78,67614,510,855.873417721519,0,0
9529,36,111428,705,3011.5675675675675,1,0
1878,53,111155,408,2058.425925925926,0,0
5887,46,20281,375,431.51063829787233,0,0
5859,77,47420,841,607.9487179487179,1,0
7331,35,100896,613,2802.6666666666665,0,0
9571,19,59030,416,2951.5,0,0
9684,18,21058,318,1108.3157894736842,0,0
8208,64,106213,731,1634.0461538461539,1,0
6276,22,96260,649,4185.217391304348,0,0
3062,37,48404,482,1273.7894736842106,0,0
1064,28,123482,412,4258.0,0,0
9006,59,125284,482,2088.0666666666666,0,0
3568,19,49856,780,2492.8,1,0
6463,20,29200,445,1390.4761904761904,0,1
3027,40,84178,412,2053.121951219512,0,0
3695,72,53997,775,739.6849315068494,1,0
6258,29,45611,602,1520.3666666666666,0,0
6618,37,139273,417,3665.0789473684213,0,0
7736,22,61235,460,2662.391304347826,0,0
1391,54,137428,700,2498.690909090909,0,0
6892,55,55057,497,983.1607142857143,0,1
4561,47,21239,559,442.4791666666667,0,0
7184,26,123674,346,4580.518518518518,0,0
4099,51,134474,698,2586.0384615384614,0,0
7278,70,85661,377,1206.4929577464789,0,0
9392,61,146945,423,2370.0806451612902,0,1
4104,52,65272,374,1231.5471698113208,0,0
8215,69,109393,436,1562.7571428571428,0,0
3454,75,81212,699,1068.578947368421,0,1
9996,39,144088,804,3602.2,1,0
3731,61,35398,799,570.9354838709677,1,0
9154,41,140030,437,3334.0476190476193,0,0
6056,34,76503,349,2185.8,0,0
9110,27,26638,553,951.3571428571429,0,0
4840,47,26570,725,553.5416666666666,1,0
2028,73,88785,846,1199.7972972972973,1,0
8385,76,29110,601,378.05194805194805,0,0
1502,63,125899,648,1967.171875,0,0
7910,40,99141,348,2418.0731707317073,0,0
7938,49,32115,373,642.3,0,0
5488,34,59062,560,1687.4857142857143,0,0
1206,67,42911,655,631.0441176470588,0,0
6134,68,124061,559,1797.9855072463768,0,0
6977,34,52556,594,1501.6,0,0
8721,31,98131,612,3066.59375,0,0
8035,26,148335,481,5493.888888888889,0,1
2484,57,21969,663,378.7758620689655,0,0
8858,19,63753,487,3187.65,0,0
1863,62,102811,842,1631.920634920635,1,0
3790,42,24470,847,569.0697674418604,1,0
8408,56,141863,707,2488.8245614035086,1,0
9755,26,30225,713,1119.4444444444443,1,1
6116,71,127860,641,1775.8333333333333,0,0
7019,39,143008,519,3575.2,0,0
2757,60,127510,462,2090.3278688524592,0,0
8574,63,128295,519,2004.609375,0,0
7374,21,43196,569,1963.4545454545455,0,0
7892,43,125823,699,2859.6136363636365,0,0
2678,75,33669,481,443.0131578947368,0,0
4242,46,57380,504,1220.8510638297873,0,0
5636,62,144398,527,2292.031746031746,0,0
2059,51,130677,549,2513.019230769231,0,0
7668,40,135886,740,3314.2926829268295,1,1
4157,54,146753,832,2668.2363636363634,1,0
6915,28,68320,495,2355.862068965517,0,1
3693,23,67414,818,2808.9166666666665,1,0
4627,35,123542,369,3431.722222222222,0,1
6450,38,35577,698,912.2307692307693,0,1
2663,59,145354,502,2422.5666666666666,0,0
6592,53,108009,447,2000.1666666666667,0,0
8392,58,146365,771,2480.762711864407,1,0
2306,55,75409,498,1346.5892857142858,0,1
7776,51,48625,725,935.0961538461538,1,0
6864,34,101040,791,2886.8571428571427,1,0
8526,54,44089,441,801.6181818181818,0,0
9901,42,56487,612,1313.6511627906978,0,1
6575,55,85838,464,1532.8214285714287,0,1
6530,75,116999,613,1539.4605263157894,0,1
5413,29,130448,320,4348.266666666666,0,0
4748,40,114795,381,2799.878048780488,0,0
1663,70,70138,430,987.8591549295775,0,0
2998,59,62823,604,1047.05,0,0
8994,39,57208,670,1430.2,0,0
2495,38,74061,683,1899.0,0,0
4304,44,50659,744,1125.7555555555555,1,0
4763,74,149824,724,1997.6533333333334,1,0
6232,48,121376,460,2477.061224489796,0,1
2853,23,51890,477,2162.0833333333335,0,0
7585,44,99134,789,2202.9777777777776,1,1
2291,57,67055,626,1156.1206896551723,0,0
4581,51,132269,588,2543.6346153846152,0,0
8554,29,39508,653,1316.9333333333334,0,0
8280,62,62287,327,988.6825396825396,0,0
2636,74,98916,342,1318.88,0,0
4696,70,46984,722,661.7464788732394,1,0
1698,24,130169,476,5206.76,0,0
5737,27,28125,828,1004.4642857142857,1,0
1854,62,56059,793,889.8253968253969,1,0
9164,34,89569,497,2559.114285714286,0,1
6855,43,123409,816,2804.75,1,0
8392,38,37087,813,950.9487179487179,1,0
7528,45,126437,321,2748.6304347826085,0,0
6249,79,135262,411,1690.775,0,0
6172,75,25704,356,338.2105263157895,0,0
2707,63,80576,365,1259.0,0,0
6791,19,93384,397,4669.2,0,1
6535,77,107128,443,1373.4358974358975,0,0
5931,71,131279,734,1823.3194444444443,1,1
4510,60,92460,385,1515.7377049180327,0,1
1202,18,47208,643,2484.6315789473683,0,0
5218,68,138516,593,2007.4782608695652,0,0
9958,70,149612,542,2107.211267605634,0,1
5389,53,105150,331,1947.2222222222222,0,0
3327,68,86024,690,1246.7246376811595,0,0
9004,43,59882,576,1360.9545454545455,0,1
3931,46,45923,831,977.0851063829788,1,0
8777,38,146561,453,3757.974358974359,0,0
1197,28,134044,682,4622.206896551724,0,0
8125,57,121477,367,2094.4310344827586,0,0
2930,28,49165,513,1695.344827586207,0,0
7287,53,87203,675,1614.8703703703704,0,0
9800,66,111749,512,1667.8955223880596,0,0
5282,76,24114,378,313.16883116883116,0,0
3511,56,84965,680,1490.6140350877192,0,0
1659,57,56321,357,971.051724137931,0,0
3811,52,93297,325,1760.3207547169811,0,0
8098,71,116652,746,1620.1666666666667,1,0
7546,51,119304,365,2294.3076923076924,0,0
2986,72,133942,553,1834.8219178082193,0,0
9338,64,45426,343,698.8615384615384,0,0
3911,41,37772,396,899.3333333333334,0,1
2734,71,123754,526,1718.8055555555557,0,0
2843,39,23712,735,592.8,1,0
9680,22,21367,678,929.0,0,0
3976,73,126493,477,1709.3648648648648,0,0
2959,50,127317,726,2496.4117647058824,1,0
6759,75,135142,606,1778.1842105263158,0,0
7694,53,111736,803,2069.185185185185,1,0
3385,64,71924,567,1106.5230769230768,0,0
5736,37,23726,307,624.3684210526316,0,0
2802,36,109152,807,2950.054054054054,1,0
9155,52,47723,775,900.433962264151,1,0
9120,69,146969,596,2099.557142857143,0,0
7616,60,123110,463,2018.1967213114754,0,0
6534,34,120494,784,3442.6857142857143,1,0
5061,79,29108,371,363.85,0,0
1262,76,97714,537,1269.012987012987,0,0
7287,62,55643,403,883.2222222222222,0,0
9815,60,51324,509,841.3770491803278,0,0
3049,51,123896,767,2382.6153846153848,1,0
6423,26,103360,753,3828.1481481481483,1,0
5548,43,130896,567,2974.909090909091,0,0
4108,19,28927,685,1446.35,0,1
8158,70,113680,686,1601.1267605633802,0,0
8400,26,116546,558,4316.518518518518,0,0
4170,26,42443,582,1571.962962962963,0,0
3255,57,99973,339,1723.6724137931035,0,0
2154,34,83449,785,2384.2571428571428,1,0
5499,18,129834,519,6833.368421052632,0,0
7295,42,125314,428,2914.279069767442,0,0
7197,78,96743,819,1224.5949367088608,1,1
2648,60,141805,559,2324.6721311475408,0,0
6539,57,80233,665,1383.3275862068965,0,1
5199,59,45537,843,758.95,1,0
9445,42,121293,823,2820.767441860465,1,0
3557,56,97576,315,1711.859649122807,0,0
6592,52,127522,428,2406.0754716981132,0,0
1098,20,42612,408,2029.142857142857,0,0
3200,67,113977,832,1676.1323529411766,1,0
3961,54,26471,568,481.2909090909091,0,0
5973,61,55631,461,897.2741935483871,0,0
5433,61,148449,559,2394.3387096774195,0,0
3869,68,128997,401,1869.5217391304348,0,1
1956,47,112059,805,2334.5625,1,0
9352,55,51348,546,916.9285714285714,0,1
6699,51,84732,836,1629.4615384615386,1,1
7944,29,21177,430,705.9,0,1
5493,36,24760,652,669.1891891891892,0,0
5911,54,52779,495,959.6181818181818,0,0
4987,61,41636,681,671.5483870967741,0,1
7015,76,101889,526,1323.2337662337663,0,0
2218,76,73551,775,955.2077922077922,1,0
5496,66,31556,776,470.9850746268657,1,0
5735,78,47598,564,602.506329113924,0,0
5555,34,31563,671,901.8,0,0
9050,27,66819,785,2386.3928571428573,1,0
4446,74,129326,733,1724.3466666666666,1,1
2045,72,93770,510,1284.5205479452054,0,0
7893,66,111055,676,1657.5373134328358,0,1
2693,64,46966,694,722.5538461538462,0,0
4436,29,140133,749,4671.1,1,0
9754,79,101709,663,1271.3625,0,0
6895,33,79889,756,2349.676470588235,1,0
4354,41,46987,525,1118.7380952380952,0,1
1225,36,98714,430,2667.945945945946,0,0
5893,25,124874,775,4802.846153846154,1,0
8022,48,78348,576,1598.938775510204,0,0
6600,38,44596,455,1143.4871794871794,0,0
8996,34,53174,517,1519.2571428571428,0,0
8683,40,84106,489,2051.3658536585367,0,0
5642,54,127510,716,2318.3636363636365,1,0
8679,71,89967,845,1249.5416666666667,1,1
9208,33,79182,340,2328.8823529411766,0,0
8339,23,113300,606,4720.833333333333,0,0
3205,25,107163,637,4121.653846153846,0,0
2069,42,59310,613,1379.3023255813953,0,0
4444,35,76088,374,2113.5555555555557,0,0
2060,42,148803,578,3460.5348837209303,0,0
3327,29,28906,475,963.5333333333333,0,0
4420,32,56914,572,1724.6666666666667,0,1
1301,76,130350,588,1692.857142857143,0,0
1606,43,65379,571,1485.8863636363637,0,0
4170,58,98612,365,1671.3898305084747,0,0
1699,62,134828,782,2140.126984126984,1,0
6088,43,147445,547,3351.0227272727275,0,0
1190,64,57650,455,886.9230769230769,0,0
1980,49,66881,346,1337.62,0,1
3975,27,66413,753,2371.8928571428573,1,1
7102,33,26012,500,765.0588235294117,0,1
2184,24,70115,423,2804.6,0,0
4327,34,27151,300,775.7428571428571,0,0
4394,40,77716,490,1895.5121951219512,0,0
9319,43,113747,815,2585.159090909091,1,1
2816,38,112653,741,2888.5384615384614,1,0
6854,39,56378,442,1409.45,0,1
7709,75,62652,490,824.3684210526316,0,0
1569,24,92430,832,3697.2,1,0
6442,31,33467,526,1045.84375,0,0
2895,32,51010,612,1545.7575757575758,0,0
3733,70,148647,601,2093.6197183098593,0,0
4863,24,141999,759,5679.96,1,0
8455,26,134793,700,4992.333333333333,0,0
5014,68,74691,692,1082.4782608695652,0,0
2686,65,84157,506,1275.1060606060605,0,0
4009,25,128177,509,4929.884615384615,0,0
8806,67,32289,414,474.8382352941176,0,0
1154,76,64976,550,843.8441558441558,0,0
2409,40,63596,518,1551.121951219512,0,0
1784,46,43171,706,918.531914893617,1,0
9096,35,120441,742,3345.5833333333335,1,0
8560,48,146296,653,2985.6326530612246,0,0
8343,47,106365,849,2215.9375,1,0
8206,69,138218,441,1974.5428571428572,0,0
6596,56,119590,800,2098.0701754385964,1,1
6801,52,134014,846,2528.566037735849,1,0
3806,35,64139,841,1781.638888888889,1,0
1537,76,68713,806,892.3766233766233,1,0
6986,59,49734,580,828.9,0,1
2841,56,92588,723,1624.3508771929824,1,0
9716,34,83646,569,2389.885714285714,0,0
7971,31,23654,453,739.1875,0,1
6625,48,109022,382,2224.938775510204,0,0
3950,41,38743,725,922.452380952381,1,1
8992,52,68368,574,1289.9622641509434,0,0
5780,61,110025,583,1774.5967741935483,0,1
3368,77,94172,472,1207.3333333333333,0,0
7655,62,26441,626,419.6984126984127,0,0
9173,51,139735,362,2687.2115384615386,0,0
5495,20,44611,372,2124.3333333333335,0,0
7002,54,139891,674,2543.4727272727273,0,0
7614,60,127971,807,2097.8852459016393,1,1
6919,57,32149,697,554.2931034482758,0,1
1853,43,120102,419,2729.590909090909,0,0
5146,72,79189,736,1084.7808219178082,1,1
4769,40,127904,764,3119.609756097561,1,0
1574,61,41675,585,672.1774193548387,0,0
2148,56,91031,564,1597.0350877192982,0,0
7293,32,62668,619,1899.030303030303,0,0
7457,73,33673,675,455.0405405405405,0,0
8509,66,149582,388,2232.5671641791046,0,0
5777,21,96666,502,4393.909090909091,0,1
4854,46,108204,633,2302.2127659574467,0,0
3491,39,100758,521,2518.95,0,1
4124,42,85429,340,1986.7209302325582,0,0
6691,30,43669,367,1408.6774193548388,0,0
4051,35,54068,813,1501.888888888889,1,0
1004,50,108789,426,2133.1176470588234,0,1
6222,33,29435,554,865.7352941176471,0,0
6315,62,114088,315,1810.920634920635,0,0
5869,59,72249,776,1204.15,1,0
1876,61,57384,361,925.5483870967741,0,0
8027,79,148782,731,1859.775,1,0
5142,19,101929,567,5096.45,0,0
7966,72,147959,334,2026.835616438356,0,0
8079,52,96153,793,1814.2075471698113,1,0
8987,59,124056,768,2067.6,1,0
7799,51,95388,624,1834.3846153846155,0,0
5465,47,51401,603,1070.8541666666667,0,0
1635,76,145511,575,1889.7532467532467,0,0
2693,72,91831,500,1257.958904109589,0,1
5752,30,139503,744,4500.096774193548,1,0
9311,30,135760,623,4379.354838709677,0,0
1830,35,121529,334,3375.8055555555557,0,0
6177,49,147834,781,2956.68,1,0
9932,49,54084,779,1081.68,1,0
9308,52,140387,364,2648.811320754717,0,0
6949,76,130641,307,1696.6363636363637,0,0
3838,56,125111,600,2194.9298245614036,0,1
2150,63,75826,642,1184.78125,0,0
8560,69,56451,730,806.4428571428572,1,0
2931,46,27227,723,579.2978723404256,1,0
2664,79,51910,631,648.875,0,0
2081,66,56041,737,836.4328358208955,1,0
1512,46,108920,473,2317.446808510638,0,0
8805,79,85681,826,1071.0125,1,0
6237,70,123314,325,1736.8169014084508,0,0
1559,61,101571,705,1638.241935483871,1,0
4672,74,85481,531,1139.7466666666667,0,0
8404,33,88576,832,2605.176470588235,1,0
4343,73,127958,849,1729.162162162162,1,0
5070,61,149265,804,2407.5,1,1
1580,64,147556,478,2270.0923076923077,0,0
8004,74,84174,431,1122.32,0,0
9130,27,46160,754,1648.5714285714287,1,1
4147,47,135170,647,2816.0416666666665,0,0
5249,42,137867,839,3206.2093023255816,1,0
2679,56,37633,705,660.2280701754386,1,0
4506,37,114880,375,3023.157894736842,0,0
8253,22,37014,791,1609.304347826087,1,0
3744,18,100532,493,5291.1578947368425,0,0
6188,47,69104,461,1439.6666666666667,0,0
3141,66,61621,646,919.7164179104477,0,0
7617,20,97231,660,4630.047619047619,0,1
3479,62,88388,386,1402.984126984127,0,0
7484,31,36014,561,1125.4375,0,0
8421,73,112578,513,1521.3243243243244,0,1
5452,47,53755,561,1119.8958333333333,0,0
6881,67,60390,582,888.0882352941177,0,1
7665,21,43711,766,1986.8636363636363,1,0
3849,35,111658,679,3101.6111111111113,0,0
8390,79,77993,661,974.9125,0,0
7905,54,94696,748,1721.7454545454545,1,0
3489,42,47213,740,1097.9767441860465,1,0
5611,65,135788,392,2057.3939393939395,0,1
3839,18,124956,723,6576.631578947368,1,0
9527,70,77784,441,1095.5492957746478,0,0
6878,63,27421,590,428.453125,0,1
7303,32,106936,731,3240.4848484848485,1,0
1851,26,119073,348,4410.111111111111,0,0
2687,32,37727,601,1143.2424242424242,0,1
7833,66,132418,489,1976.3880597014925,0,0
3427,74,24358,435,324.7733333333333,0,0
5000,41,85108,703,2026.3809523809523,1,1
6052,21,146609,640,6664.045454545455,0,0
3738,29,114018,617,3800.6,0,0
6732,76,144457,662,1876.064935064935,0,0
6387,75,52117,681,685.75,0,0
9002,54,108700,532,1976.3636363636363,0,1
6536,78,51910,643,657.0886075949367,0,0
4913,54,146888,848,2670.690909090909,1,0
2066,60,118032,828,1934.950819672131,1,0
8723,77,75754,482,971.2051282051282,0,0
5380,23,82438,340,3434.9166666666665,0,0
5107,56,129847,696,2278.0175438596493,0,1
6726,73,49371,793,667.1756756756756,1,0
4373,63,71501,632,1117.203125,0,0
9945,41,80946,426,1927.2857142857142,0,0
3082,28,58467,300,2016.103448275862,0,0
9967,79,37625,467,470.3125,0,0
7748,30,53893,318,1738.483870967742,0,0
1417,51,96329,631,1852.4807692307693,0,0
9306,42,51007,755,1186.2093023255813,1,0
9808,24,111302,408,4452.08,0,0
4974,69,59532,567,850.4571428571429,0,0
4267,21,74253,744,3375.1363636363635,1,0
1825,76,32323,539,419.7792207792208,0,0
8668,25,131335,600,5051.346153846154,0,1
6745,37,132356,402,3483.0526315789475,0,0
1412,46,130944,549,2786.0425531914893,0,1
8543,71,93379,752,1296.9305555555557,1,0
8587,70,34210,819,481.83098591549293,1,0
1728,68,36456,452,528.3478260869565,0,1
8164,62,51367,473,815.3492063492064,0,0
9867,63,74624,642,1166.0,0,1
6988,27,30106,730,1075.2142857142858,1,0
3504,60,123493,623,2024.4754098360656,0,0
3967,51,88008,719,1692.4615384615386,1,0
3786,74,145926,784,1945.68,1,0
2122,43,135395,711,3077.159090909091,1,0
5079,58,136492,383,2313.423728813559,0,0
2571,66,92240,412,1376.7164179104477,0,0
6073,75,84315,631,1109.407894736842,0,0
6104,20,89249,677,4249.952380952381,0,0
3143,73,90587,340,1224.1486486486488,0,0
7806,23,30756,404,1281.5,0,1
8357,22,88011,501,3826.5652173913045,0,0
4440,22,56378,749,2451.217391304348,1,1
4766,71,24255,565,336.875,0,1
6644,64,34484,509,530.5230769230769,0,0
3914,40,145703,417,3553.731707317073,0,0
5968,66,76549,676,1142.5223880597016,0,0
6917,26,54503,839,2018.6296296296296,1,0
9787,52,144465,383,2725.754716981132,0,0
1728,37,93794,753,2468.2631578947367,1,0
2365,75,145941,813,1920.2763157894738,1,0
5492,66,126283,686,1884.8208955223881,0,0
1698,78,120732,649,1528.253164556962,0,0
8186,76,65113,595,845.6233766233767,0,0
1395,59,125730,557,2095.5,0,0
8400,52,94069,380,1774.8867924528302,0,0
9082,67,118117,567,1737.014705882353,0,0
5171,35,25249,718,701.3611111111111,1,0
5360,79,145654,534,1820.675,0,0
3502,34,139979,610,3999.4,0,0
1717,41,39201,656,933.3571428571429,0,0
3782,20,145541,512,6930.523809523809,0,0
5946,49,78576,348,1571.52,0,0
6486,52,138562,426,2614.377358490566,0,0
9335,55,145281,522,2594.3035714285716,0,0
5980,30,29686,578,957.6129032258065,0,0
8266,73,132413,707,1789.3648648648648,1,0
5491,78,73363,804,928.6455696202531,1,0
8192,64,117543,593,1808.3538461538462,0,1
6588,42,20661,576,480.48837209302326,0,0
8651,26,64843,737,2401.5925925925926,1,0
4636,21,115673,406,5257.863636363636,0,0
2167,31,80963,719,2530.09375,1,0
2062,54,133092,728,2419.8545454545456,1,0
3156,51,62828,674,1208.2307692307693,0,0
8860,28,68604,372,2365.655172413793,0,0
6161,58,30526,329,517.3898305084746,0,0
6305,73,88910,487,1201.4864864864865,0,0
7541,20,45592,663,2171.0476190476193,0,1
5729,76,48982,750,636.1298701298701,1,1
8330,45,20207,494,439.2826086956522,0,0
6334,46,120969,455,2573.808510638298,0,0
9924,26,137181,471,5080.777777777777,0,0
5330,20,108733,340,5177.761904761905,0,0
9010,42,118936,362,2765.953488372093,0,0
7801,51,144982,322,2788.1153846153848,0,0
5846,29,145839,659,4861.3,0,0
7731,59,88619,374,1476.9833333333333,0,1
8241,26,49328,417,1826.962962962963,0,0
1953,32,66479,679,2014.5151515151515,0,0
3539,57,128427,589,2214.2586206896553,0,0
8056,42,40103,739,932.6279069767442,1,0
2542,22,59891,306,2603.9565217391305,0,0
6293,28,30754,495,1060.4827586206898,0,0
2191,76,119983,720,1558.2207792207791,1,0
7313,51,101437,492,1950.7115384615386,0,1
7938,41,118540,447,2822.3809523809523,0,0
3681,77,92982,501,1192.076923076923,0,0
2540,32,122747,743,3719.6060606060605,1,0
7172,55,75922,718,1355.75,1,1
6541,25,68231,726,2624.269230769231,1,0
2365,76,49301,778,640.2727272727273,1,0
9691,22,111652,774,4854.434782608696,1,1
9702,65,140787,425,2133.1363636363635,0,0
8494,43,146823,694,3336.8863636363635,0,1
5312,35,82711,624,2297.527777777778,0,0
2324,23,61323,691,2555.125,0,0
4141,54,38752,739,704.5818181818182,1,0
8419,77,117912,503,1511.6923076923076,0,0
4486,65,102205,785,1548.560606060606,1,0
2810,30,118452,330,3821.032258064516,0,0
7588,45,33395,687,725.9782608695652,0,0
3923,22,105957,733,4606.826086956522,1,0
6301,30,141237,675,4556.032258064516,0,1
5186,34,76273,643,2179.2285714285713,0,1
9905,67,147431,742,2168.1029411764707,1,0
6977,57,111878,374,1928.9310344827586,0,1
5268,62,24895,454,395.1587301587302,0,0
5748,49,139968,729,2799.36,1,0
5849,79,135700,662,1696.25,0,0
4709,46,96559,747,2054.446808510638,1,0
7619,68,30699,533,444.9130434782609,0,0
9647,75,85061,561,1119.2236842105262,0,0
4072,20,29715,424,1415.0,0,0
7530,73,39169,544,529.3108108108108,0,0
1504,57,145436,841,2507.5172413793102,1,0
2214,51,138413,784,2661.7884615384614,1,1
2531,57,36163,421,623.5,0,0
8576,44,139264,424,3094.7555555555555,0,1
1823,30,25782,848,831.6774193548387,1,1
1928,62,108177,469,1717.095238095238,0,1
6029,50,149772,423,2936.705882352941,0,1
1133,23,144481,334,6020.041666666667,0,1
3105,41,104328,386,2484.0,0,0
4627,36,135028,500,3649.4054054054054,0,0
7316,33,55585,668,1634.8529411764705,0,0
2852,57,50682,376,873.8275862068965,0,0
5910,45,67864,358,1475.304347826087,0,0
5175,50,149992,730,2941.0196078431372,1,0
6348,76,104416,799,1356.051948051948,1,1
7190,76,75114,408,975.5064935064935,0,1
2256,65,147810,577,2239.5454545454545,0,1
4376,58,58067,367,984.1864406779661,0,0
6645,30,62685,368,2022.0967741935483,0,0
4486,60,142262,464,2332.1639344262294,0,0
4584,62,38073,788,604.3333333333334,1,0
9053,42,56035,604,1303.139534883721,0,0
4330,70,84977,664,1196.8591549295775,0,0
3703,59,122710,678,2045.1666666666667,0,1
9662,53,110373,642,2043.9444444444443,0,0
9120,44,103362,653,2296.9333333333334,0,0
8114,55,110517,715,1973.517857142857,1,0
2353,77,85450,408,1095.5128205128206,0,0
6063,24,30382,796,1215.28,1,0
9549,22,24437,640,1062.4782608695652,0,1
8575,60,90971,682,1491.327868852459,0,0
1667,62,84612,832,1343.047619047619,1,0
5468,75,110355,599,1452.0394736842106,0,0
7819,74,81929,438,1092.3866666666668,0,0
4719,68,122411,658,1774.072463768116,0,0
3745,48,117518,798,2398.326530612245,1,0
8483,40,118864,684,2899.121951219512,0,0
1539,59,32329,579,538.8166666666667,0,0
5964,27,145605,782,5200.178571428572,1,0
5835,49,45169,410,903.38,0,0
4775,60,107468,438,1761.7704918032787,0,1
7042,70,54594,734,768.9295774647887,1,0
8102,47,96957,808,2019.9375,1,0
8312,56,80631,572,1414.578947368421,0,0
6320,48,65033,398,1327.204081632653,0,0
7132,35,83133,403,2309.25,0,0
8891,53,93165,513,1725.2777777777778,0,0
3779,19,93861,464,4693.05,0,0
1924,31,72290,819,2259.0625,1,1
2581,30,114031,583,3678.4193548387098,0,0
8714,46,51750,816,1101.063829787234,1,1
4324,29,115155,463,3838.5,0,0
6713,56,60461,363,1060.719298245614,0,1
8026,19,93800,390,4690.0,0,1
1255,49,98222,416,1964.44,0,0
5804,30,132020,566,4258.709677419355,0,1
2838,63,44226,439,691.03125,0,0
1009,44,26721,545,593.8,0,1
3871,66,76154,694,1136.6268656716418,0,0
9989,58,40609,786,688.2881355932203,1,0
8409,34,72130,775,2060.8571428571427,1,0
8418,57,92909,816,1601.8793103448277,1,1
6124,48,124211,483,2534.918367346939,0,0
2015,51,75249,319,1447.0961538461538,0,0
3193,77,68895,823,883.2692307692307,1,0
9415,41,114473,828,2725.5476190476193,1,1
8449,62,25656,446,407.23809523809524,0,0
5158,52,144865,603,2733.301886792453,0,0
4925,65,94520,527,1432.121212121212,0,0
7970,23,83740,401,3489.1666666666665,0,0
7938,36,84309,716,2278.6216216216217,1,0
5784,47,49984,515,1041.3333333333333,0,1
5000,24,138947,706,5557.88,1,0
2633,27,93822,698,3350.785714285714,0,0
8266,58,25901,798,439.0,1,0
9702,49,51552,764,1031.04,1,0
1384,51,111245,381,2139.326923076923,0,0
1404,45,51055,664,1109.891304347826,0,0
9175,77,57685,462,739.5512820512821,0,0
3000,32,93965,347,2847.4242424242425,0,1
6989,47,34716,810,723.25,1,0
2460,54,134099,628,2438.163636363636,0,1
8190,46,31138,415,662.5106382978723,0,1
8140,39,55298,636,1382.45,0,0
4636,21,71112,446,3232.3636363636365,0,1
5809,37,43429,622,1142.8684210526317,0,0
5178,49,70200,742,1404.0,1,0
8245,53,91308,312,1690.888888888889,0,0
7600,67,68244,793,1003.5882352941177,1,0
6997,21,137217,586,6237.136363636364,0,0
3048,44,134055,413,2979.0,0,0
5780,34,121268,779,3464.8,1,0
1716,29,125441,321,4181.366666666667,0,0
8939,39,37347,648,933.675,0,1
6565,34,36920,619,1054.857142857143,0,0
5544,27,51822,425,1850.7857142857142,0,0
5976,71,66659,576,925.8194444444445,0,0
4419,18,60108,503,3163.5789473684213,0,0
8239,39,148955,493,3723.875,0,0
1249,43,109099,846,2479.5227272727275,1,1
9865,73,27967,585,377.93243243243245,0,0
1770,76,130719,356,1697.6493506493507,0,0
5363,35,31871,602,885.3055555555555,0,1
2077,67,114299,462,1680.8676470588234,0,1
9427,31,97452,318,3045.375,0,0
9580,64,94270,669,1450.3076923076924,0,0
8901,46,53613,563,1140.7021276595744,0,0
5858,29,48179,412,1605.9666666666667,0,0
7544,53,140465,787,2601.203703703704,1,0
5719,76,72188,626,937.5064935064935,0,0
3814,52,75099,841,1416.9622641509434,1,1
4374,69,55262,364,789.4571428571429,0,0
2252,78,98213,591,1243.2025316455697,0,0
7996,29,137407,324,4580.233333333334,0,0
5673,24,38268,848,1530.72,1,0
5530,46,97866,300,2082.255319148936,0,0
7881,28,106269,848,3664.448275862069,1,0
7949,50,80545,440,1579.313725490196,0,1
7241,23,123483,487,5145.125,0,0
9017,64,112822,427,1735.7230769230769,0,0
7941,32,92146,500,2792.3030303030305,0,0
8002,49,91966,426,1839.32,0,0
2331,68,59922,556,868.4347826086956,0,0
5261,28,99364,846,3426.344827586207,1,0
8648,75,62913,493,827.8026315789474,0,0
6115,40,117033,403,2854.4634146341464,0,1
5637,43,124792,834,2836.181818181818,1,0
5854,51,139425,564,2681.25,0,0
4177,63,75677,683,1182.453125,0,0
8730,51,122154,559,2349.1153846153848,0,1
3180,46,69841,713,1485.9787234042553,1,0
5892,21,66332,657,3015.090909090909,0,0
8043,34,112062,374,3201.7714285714287,0,0
1137,52,139863,654,2638.9245283018868,0,0
7327,30,115694,487,3732.064516129032,0,0
4472,58,45032,589,763.2542372881356,0,0
6449,56,57846,344,1014.8421052631579,0,0
3832,32,79474,382,2408.3030303030305,0,0
4579,72,64936,422,889.5342465753424,0,1
6971,46,49794,657,1059.4468085106382,0,0
5164,46,81588,827,1735.9148936170213,1,0
8941,28,90984,365,3137.3793103448274,0,0
6569,69,70331,674,1004.7285714285714,0,1
5300,49,114397,461,2287.94,0,0
7269,19,48141,679,2407.05,0,1
4818,64,29074,657,447.2923076923077,0,0
2906,31,26406,487,825.1875,0,0
7254,37,117359,621,3088.3947368421054,0,1
1760,39,143279,749,3581.975,1,0
8830,28,43291,773,1492.7931034482758,1,0
8350,44,61568,312,1368.1777777777777,0,1
7238,20,117539,483,5597.0952380952385,0,0
7090,34,66851,410,1910.0285714285715,0,0
7031,79,119942,807,1499.275,1,0
8687,61,74823,589,1206.8225806451612,0,0
9472,73,43312,594,585.2972972972973,0,0
2887,45,63108,750,1371.9130434782608,1,0
4266,46,86918,514,1849.3191489361702,0,0
1666,38,54171,326,1389.0,0,0
5188,64,61779,530,950.4461538461538,0,0
1671,33,88828,620,2612.5882352941176,0,1
7777,54,127315,532,2314.818181818182,0,0
8570,76,118723,736,1541.857142857143,1,1
8956,37,32411,832,852.921052631579,1,0
6124,23,122821,702,5117.541666666667,1,0
6585,36,137990,352,3729.4594594594596,0,0
5777,74,77009,612,1026.7866666666666,0,0
4900,22,35422,580,1540.0869565217392,0,0
7677,20,62468,330,2974.6666666666665,0,0
7981,76,52371,636,680.1428571428571,0,0
7376,18,77022,482,4053.7894736842104,0,1
1523,75,91229,322,1200.3815789473683,0,0
3393,77,119071,843,1526.551282051282,1,0
3593,55,71196,745,1271.357142857143,1,0
8240,32,100354,373,3041.030303030303,0,0
7937,51,116774,309,2245.653846153846,0,0
7190,78,116410,783,1473.5443037974683,1,0
6240,52,46715,755,881.4150943396227,1,1
7493,66,47605,459,710.5223880597015,0,0
3878,42,119853,313,2787.279069767442,0,0
5143,41,51174,477,1218.4285714285713,0,0
4644,29,29956,711,998.5333333333333,1,0
5432,35,124444,352,3456.777777777778,0,0
2276,32,96373,707,2920.3939393939395,1,0
6811,61,89252,321,1439.5483870967741,0,0
1302,33,81949,329,2410.264705882353,0,0
1638,44,82646,559,1836.5777777777778,0,0
1055,25,90017,504,3462.1923076923076,0,0
9717,77,83037,358,1064.576923076923,0,0
9150,63,109818,770,1715.90625,1,0
3125,42,26548,765,617.3953488372093,1,0
1364,34,136981,311,3913.7428571428572,0,1
7809,46,123141,589,2620.021276595745,0,1
5621,70,93294,653,1314.0,0,1
6126,25,129204,374,4969.384615384615,0,0
6122,32,43177,740,1308.3939393939395,1,0
2646,44,44022,540,978.2666666666667,0,0
1918,63,126297,453,1973.390625,0,1
3797,67,140695,395,2069.044117647059,0,0
7506,69,25542,593,364.8857142857143,0,1
6870,24,111012,508,4440.48,0,1
2531,20,116320,642,5539.047619047619,0,0
9172,46,80428,387,1711.2340425531916,0,0
4345,61,42740,689,689.3548387096774,0,0
8673,70,79353,624,1117.6478873239437,0,1
7949,41,110353,456,2627.4523809523807,0,0
7882,77,133132,436,1706.820512820513,0,1
2906,75,76532,727,1007.0,1,0
4086,20,36052,751,1716.7619047619048,1,0
9152,37,120689,440,3176.0263157894738,0,1
6750,63,67076,382,1048.0625,0,0
9905,32,73420,476,2224.848484848485,0,0
2062,42,20671,497,480.72093023255815,0,0
2976,47,20163,720,420.0625,1,0
2296,31,61424,700,1919.5,0,0
7229,24,129538,770,5181.52,1,0
8641,34,73744,517,2106.9714285714285,0,1
1125,79,90331,474,1129.1375,0,1
5632,61,30634,322,494.0967741935484,0,0
7288,37,24798,534,652.578947368421,0,0
4596,53,42420,312,785.5555555555555,0,0
7168,26,137043,400,5075.666666666667,0,0
8561,55,140575,835,2510.2678571428573,1,1
9258,65,147158,822,2229.6666666666665,1,0
1232,74,49300,751,657.3333333333334,1,0
7371,77,109881,730,1408.7307692307693,1,0
5206,39,30749,832,768.725,1,0
8943,71,124131,592,1724.0416666666667,0,0
7891,70,45121,400,635.5070422535211,0,0
7738,70,148563,801,2092.43661971831,1,0
3472,19,57487,603,2874.35,0,0
3739,41,113947,839,2713.0238095238096,1,0
6401,25,53361,654,2052.346153846154,0,0
2761,28,41223,602,1421.4827586206898,0,0
1876,30,92930,795,2997.7419354838707,1,0
4812,34,34056,526,973.0285714285715,0,0
2460,25,48380,535,1860.7692307692307,0,0
2733,38,46035,754,1180.3846153846155,1,0
2605,35,50620,312,1406.111111111111,0,0
6622,47,39877,509,830.7708333333334,0,1
7767,35,145481,696,4041.1388888888887,0,1
7986,63,75316,399,1176.8125,0,0
4517,64,84041,330,1292.9384615384615,0,1
4735,48,128940,827,2631.4285714285716,1,0
9434,55,137360,628,2452.8571428571427,0,0
3590,49,73352,465,1467.04,0,0
2063,28,50911,758,1755.551724137931,1,0
5324,62,52784,399,837.8412698412699,0,0
6342,42,23191,472,539.3255813953489,0,0
1005,50,53160,461,1042.3529411764705,0,0
8489,77,110536,562,1417.128205128205,0,0
9659,55,124576,573,2224.5714285714284,0,0
9195,58,84641,302,1434.593220338983,0,1
6966,25,69723,327,2681.653846153846,0,0
9837,28,23631,625,814.8620689655172,0,0
1117,39,26172,448,654.3,0,0
3551,68,62080,839,899.7101449275362,1,0
6560,41,109097,787,2597.5476190476193,1,0
5289,58,110353,737,1870.3898305084747,1,0
1846,34,40281,364,1150.8857142857144,0,0
7316,29,48671,655,1622.3666666666666,0,0
7469,74,142811,832,1904.1466666666668,1,0
9915,63,71431,551,1116.109375,0,0
1224,49,110900,534,2218.0,0,0
5208,32,142139,526,4307.242424242424,0,0
7283,33,127210,824,3741.470588235294,1,0
3048,71,147734,612,2051.8611111111113,0,0
7233,39,112961,348,2824.025,0,1
2828,45,135463,417,2944.8478260869565,0,1
2917,37,48602,353,1279.0,0,1
5234,50,108789,343,2133.1176470588234,0,0
7988,27,71399,352,2549.964285714286,0,0
3026,57,43472,824,749.5172413793103,1,0
4744,49,69230,401,1384.6,0,0
1009,67,93616,697,1376.7058823529412,0,0
1260,77,27099,437,347.4230769230769,0,0
7038,50,138614,686,2717.921568627451,0,1
3219,19,45431,410,2271.55,0,0
8041,50,76492,316,1499.8431372549019,0,1
3060,50,116722,481,2288.6666666666665,0,0
6287,58,67684,835,1147.1864406779662,1,0
2619,30,50111,840,1616.483870967742,1,0
9512,47,125387,470,2612.2291666666665,0,0
2342,50,83936,708,1645.8039215686274,1,0
3832,30,42614,677,1374.6451612903227,0,0
3824,69,112260,487,1603.7142857142858,0,0
2994,43,61991,529,1408.8863636363637,0,0
4490,39,90476,418,2261.9,0,1
8984,56,137959,455,2420.3333333333335,0,1
2604,19,80920,764,4046.0,1,1
1235,55,114294,403,2040.9642857142858,0,0
2908,56,83530,801,1465.438596491228,1,0
9567,43,56224,474,1277.8181818181818,0,0
4530,63,27788,720,434.1875,1,0
6256,75,48082,433,632.6578947368421,0,0
3635,67,143287,690,2107.1617647058824,0,0
9162,32,109570,800,3320.3030303030305,1,0
3560,51,121015,332,2327.2115384615386,0,0
6415,59,96816,354,1613.6,0,0
4391,72,103588,818,1419.013698630137,1,0
6951,61,36531,311,589.2096774193549,0,0
6468,66,108340,827,1617.0149253731342,1,0
9007,57,114439,672,1973.0862068965516,0,0
7413,28,64857,783,2236.448275862069,1,0
7941,78,30142,527,381.54430379746833,0,0
5820,20,135053,606,6431.0952380952385,0,0
3898,76,68355,756,887.7272727272727,1,0
8546,23,29866,459,1244.4166666666667,0,0
1077,26,90067,630,3335.814814814815,0,0
8577,23,130990,524,5457.916666666667,0,0
5227,26,123634,803,4579.037037037037,1,1
1600,56,123814,755,2172.1754385964914,1,0
2065,48,145426,344,2967.877551020408,0,0
3136,49,84027,513,1680.54,0,0
7943,58,77906,358,1320.4406779661017,0,0
8804,67,48138,494,707.9117647058823,0,0
7565,29,112601,788,3753.366666666667,1,0
6984,25,49956,456,1921.3846153846155,0,0
6142,25,127268,525,4894.923076923077,0,0
5670,67,124797,711,1835.25,1,0
3190,45,144917,504,3150.3695652173915,0,0
3712,79,146303,378,1828.7875,0,1
3192,37,96295,423,2534.0789473684213,0,0
2248,79,25439,770,317.9875,1,1
5033,64,67241,517,1034.4769230769232,0,0
2997,76,62533,815,812.1168831168832,1,1
4687,24,48270,403,1930.8,0,1
5018,28,98815,692,3407.4137931034484,0,0
2970,37,59279,733,1559.9736842105262,1,0
9389,33,129787,630,3817.264705882353,0,0
6765,21,43888,442,1994.909090909091,0,0
2202,23,37630,839,1567.9166666666667,1,0
9135,75,81063,577,1066.6184210526317,0,0
6567,39,138527,532,3463.175,0,0
8667,43,143239,828,3255.431818181818,1,0
6742,20,147896,389,7042.666666666667,0,1
6788,58,55144,791,934.6440677966102,1,0
6408,77,72161,498,925.1410256410256,0,0
9669,59,116718,661,1945.3,0,0
1922,31,145873,740,4558.53125,1,1
1419,28,111074,325,3830.137931034483,0,0
3204,35,97360,324,2704.4444444444443,0,0
2120,71,70979,693,985.8194444444445,0,0
1950,29,117661,806,3922.0333333333333,1,0
3336,40,26979,600,658.0243902439024,0,0
6373,29,46189,638,1539.6333333333334,0,1
3243,30,62600,566,2019.3548387096773,0,0
3645,42,79560,760,1850.2325581395348,1,0
5612,62,98040,755,1556.1904761904761,1,1
2865,68,143257,659,2076.1884057971015,0,0
7028,75,81558,367,1073.1315789473683,0,0
8326,36,106205,711,2870.4054054054054,1,1
7371,72,26910,790,368.63013698630135,1,0
7359,63,77713,348,1214.265625,0,0
8863,53,66857,401,1238.0925925925926,0,0
4228,62,54964,515,872.4444444444445,0,0
4719,25,105667,737,4064.1153846153848,1,0
3371,46,45227,458,962.2765957446809,0,0
3891,72,25978,788,355.86301369863014,1,0
4756,70,107527,541,1514.4647887323943,0,1
5225,72,37153,304,508.94520547945206,0,0
1094,49,79765,660,1595.3,0,1
3674,68,119084,758,1725.855072463768,1,1
7898,61,128212,547,2067.935483870968,0,0
1793,35,59071,721,1640.861111111111,1,0
3116,23,132990,314,5541.25,0,0
6779,35,89519,421,2486.6388888888887,0,0
7166,36,29503,576,797.3783783783783,0,1
1814,39,80703,752,2017.575,1,0
1345,54,84379,689,1534.1636363636364,0,0
9554,49,115457,593,2309.14,0,0
3443,73,77866,745,1052.2432432432433,1,0
8783,58,36905,509,625.5084745762712,0,0
1984,76,65838,601,855.038961038961,0,0
8790,20,145200,522,6914.285714285715,0,0
1827,45,78279,302,1701.7173913043478,0,0
4531,27,109489,817,3910.3214285714284,1,0
8147,68,46806,392,678.3478260869565,0,0
5451,52,65000,819,1226.4150943396226,1,0
4876,78,42168,727,533.7721518987341,1,1
6959,46,90119,792,1917.4255319148936,1,0
1126,71,58714,534,815.4722222222222,0,0
4177,32,74093,460,2245.242424242424,0,0
9795,50,75419,630,1478.8039215686274,0,0
7024,24,69145,632,2765.8,0,1
6109,29,125432,349,4181.066666666667,0,0
5146,66,97425,822,1454.1044776119404,1,0
8196,47,112949,791,2353.1041666666665,1,0
4368,38,97811,571,2507.974358974359,0,0
4797,48,22461,551,458.38775510204084,0,0
2792,75,34291,389,451.19736842105266,0,0
6732,78,66804,745,845.620253164557,1,0
4476,41,96971,631,2308.8333333333335,0,0
4417,37,113471,438,2986.0789473684213,0,0
2645,54,84946,656,1544.4727272727273,0,1
4030,21,118989,573,5408.590909090909,0,0
3872,45,104080,318,2262.608695652174,0,0
4072,61,141719,610,2285.7903225806454,0,0
2854,79,81332,453,1016.65,0,1
5021,37,97794,689,2573.5263157894738,0,0
5662,77,50841,559,651.8076923076923,0,1
7514,41,144447,424,3439.214285714286,0,0
6031,67,140029,653,2059.25,0,0
3708,66,68758,572,1026.2388059701493,0,0
8112,68,134726,544,1952.5507246376812,0,0
9393,49,96272,749,1925.44,1,0
4507,58,57643,546,977.0,0,0
7456,53,70408,819,1303.851851851852,1,0
5212,75,63950,440,841.4473684210526,0,0
8970,70,76849,661,1082.380281690141,0,0
9766,51,120500,307,2317.3076923076924,0,0
1536,53,48044,777,889.7037037037037,1,0
2625,19,125469,651,6273.45,0,0
8973,32,145588,794,4411.757575757576,1,0
9577,51,35997,726,692.25,1,0
9070,53,99751,338,1847.2407407407406,0,1
9666,23,118605,486,4941.875,0,0
9609,56,43911,392,770.3684210526316,0,0
7490,59,75533,385,1258.8833333333334,0,0
4600,68,102566,343,1486.463768115942,0,1
7783,68,114870,436,1664.7826086956522,0,0
5971,75,34571,720,454.88157894736844,1,0
2205,71,128255,373,1781.3194444444443,0,1
2990,78,149226,847,1888.9367088607594,1,0
6299,29,114463,811,3815.4333333333334,1,0
4572,20,77941,455,3711.4761904761904,0,0
6975,62,78005,554,1238.1746031746031,0,0
7320,35,106250,470,2951.3888888888887,0,0
5380,57,78712,469,1357.103448275862,0,1
5757,38,63541,621,1629.2564102564102,0,0
3713,32,43387,755,1314.7575757575758,1,1
6588,50,113980,454,2234.901960784314,0,0
1966,52,68908,648,1300.1509433962265,0,0
5944,43,105457,750,2396.75,1,0
4432,25,33057,472,1271.423076923077,0,0
1688,53,84028,309,1556.0740740740741,0,0
5243,65,130804,564,1981.878787878788,0,0
4701,47,139246,737,2900.9583333333335,1,0
9533,40,75731,546,1847.0975609756097,0,0
6182,59,44858,845,747.6333333333333,1,0
7704,61,68689,798,1107.8870967741937,1,0
5422,31,64638,428,2019.9375,0,0
2759,31,111598,626,3487.4375,0,0
3482,19,122386,703,6119.3,1,0
9058,72,66486,658,910.7671232876712,0,1
1951,54,40567,316,737.5818181818182,0,0
9914,22,49739,573,2162.5652173913045,0,0
3079,55,77804,415,1389.357142857143,0,0
3717,62,128821,390,2044.7777777777778,0,0
5524,58,23754,381,402.6101694915254,0,0
9477,79,47044,623,588.05,0,1
8311,71,87260,413,1211.9444444444443,0,1
8186,77,86912,357,1114.2564102564102,0,0
3065,78,145623,453,1843.3291139240507,0,0
1768,64,28706,703,441.6307692307692,1,0
6490,31,28894,565,902.9375,0,0
7645,73,38037,614,514.0135135135135,0,0
6083,56,103986,340,1824.3157894736842,0,0
6232,42,101942,404,2370.7441860465115,0,0
6797,37,71612,492,1884.5263157894738,0,0
5926,19,49725,700,2486.25,0,0
7016,56,25926,577,454.8421052631579,0,1
4335,23,124555,653,5189.791666666667,0,0
