timestamp,user_id,age,income,email,credit_score,churn
2026-05-09T00:21:57.495384,9666,74,64738,user_21@example.com,365,0
2026-05-09T00:21:57.495384,3558,72,53397,user_22@example.com,411,0
2026-05-09T00:21:57.495384,8849,20,102189,user_23@example.com,312,0
2026-05-09T00:21:57.495384,3047,41,96367,user_24@example.com,692,0
2026-05-09T00:21:57.495384,3747,40,144873,user_25@example.com,799,1
2026-05-09T00:21:57.495384,1189,76,91260,user_26@example.com,533,0
2026-05-09T00:21:57.495384,3734,78,140585,user_27@example.com,613,0
2026-05-09T00:21:57.495384,4005,25,96619,user_28@example.com,311,1
2026-05-09T00:21:57.495384,5658,71,131453,user_29@example.com,508,0
2026-05-09T00:21:57.495384,2899,74,39816,user_30@example.com,313,0
2026-05-09T00:21:57.495384,8734,64,62240,user_31@example.com,717,0
2026-05-09T00:21:57.495384,2267,54,26276,user_32@example.com,736,0
2026-05-09T00:21:57.495384,2528,20,133939,user_33@example.com,676,1
2026-05-09T00:21:57.495384,4556,68,124199,user_34@example.com,319,0
2026-05-09T00:21:57.495384,4890,50,99530,user_35@example.com,369,0
2026-05-09T00:21:57.495384,9838,45,43499,user_36@example.com,510,0
2026-05-09T00:21:57.495384,6393,64,108576,user_37@example.com,400,0
2026-05-09T00:21:57.495384,9792,25,128856,user_38@example.com,431,1
2026-05-09T00:21:57.495384,9433,51,102495,user_39@example.com,680,0
2026-05-09T00:21:57.495384,8513,52,141717,user_40@example.com,431,0
2026-05-09T00:21:57.495384,3612,49,91635,user_41@example.com,319,0
2026-05-09T00:21:57.495384,8041,41,127803,user_42@example.com,835,0
2026-05-09T00:21:57.495384,7235,31,105112,user_43@example.com,526,0
2026-05-09T00:21:57.495384,6486,49,55946,user_44@example.com,453,0
2026-05-09T00:21:57.495384,8099,73,75204,user_45@example.com,768,0
2026-05-09T00:21:57.495384,1775,63,71886,user_46@example.com,704,0
2026-05-09T00:21:57.495384,9226,60,91652,user_47@example.com,501,0
2026-05-09T00:21:57.495384,4152,33,35563,user_48@example.com,337,0
2026-05-09T00:21:57.495384,2585,21,112324,user_49@example.com,487,0
2026-05-09T00:21:57.495384,4943,69,112464,user_50@example.com,356,1
2026-05-09T00:21:57.495384,8555,54,121872,user_51@example.com,319,0
2026-05-09T00:21:57.495384,4073,71,29847,user_52@example.com,572,0
2026-05-09T00:21:57.495384,2021,38,46155,user_53@example.com,418,0
2026-05-09T00:21:57.495384,4843,31,99671,user_54@example.com,815,0
2026-05-09T00:21:57.495384,8989,48,136891,user_55@example.com,520,0
2026-05-09T00:21:57.495384,7873,72,103310,user_56@example.com,825,0
2026-05-09T00:21:57.495384,6675,65,87278,user_57@example.com,814,0
2026-05-09T00:21:57.495384,1161,35,38309,user_58@example.com,635,0
2026-05-09T00:21:57.495384,5297,24,20619,user_59@example.com,354,1
2026-05-09T00:21:57.495384,1995,27,103194,user_60@example.com,799,1
2026-05-09T00:21:57.495384,8629,24,70108,user_61@example.com,835,0
2026-05-09T00:21:57.495384,2016,50,54707,user_62@example.com,461,0
2026-05-09T00:21:57.495384,8869,40,40337,user_63@example.com,458,0
2026-05-09T00:21:57.495384,7439,38,145261,user_64@example.com,487,0
2026-05-09T00:21:57.495384,8892,36,101537,user_65@example.com,359,1
2026-05-09T00:21:57.495384,7863,65,86504,user_66@example.com,618,0
2026-05-09T00:21:57.495384,8916,78,67614,user_67@example.com,510,0
2026-05-09T00:21:57.495384,9529,36,111428,user_68@example.com,705,0
2026-05-09T00:21:57.495384,1878,53,111155,user_69@example.com,408,0
2026-05-09T00:21:57.495384,5887,46,20281,user_70@example.com,375,0
2026-05-09T00:21:57.495384,5859,77,47420,user_71@example.com,841,0
2026-05-09T00:21:57.495384,7331,35,100896,user_72@example.com,613,0
2026-05-09T00:21:57.495384,9571,19,59030,user_73@example.com,416,0
2026-05-09T00:21:57.495384,9684,18,21058,user_74@example.com,318,0
2026-05-09T00:21:57.495384,8208,64,106213,user_75@example.com,731,0
2026-05-09T00:21:57.495384,6276,22,96260,user_76@example.com,649,0
2026-05-09T00:21:57.495384,3062,37,48404,user_77@example.com,482,0
2026-05-09T00:21:57.495384,1064,28,123482,user_78@example.com,412,0
2026-05-09T00:21:57.495384,9006,59,125284,user_79@example.com,482,0
2026-05-09T00:21:57.495384,3568,19,49856,user_80@example.com,780,0
2026-05-09T00:21:57.495384,6463,20,29200,user_81@example.com,445,1
2026-05-09T00:21:57.495384,3027,40,84178,user_82@example.com,412,0
2026-05-09T00:21:57.495384,3695,72,53997,user_83@example.com,775,0
2026-05-09T00:21:57.495384,6258,29,45611,user_84@example.com,602,0
2026-05-09T00:21:57.495384,6618,37,139273,user_85@example.com,417,0
2026-05-09T00:21:57.495384,7736,22,61235,user_86@example.com,460,0
2026-05-09T00:21:57.495384,1391,54,137428,user_87@example.com,700,0
2026-05-09T00:21:57.495384,6892,55,55057,user_88@example.com,497,1
2026-05-09T00:21:57.495384,4561,47,21239,user_89@example.com,559,0
2026-05-09T00:21:57.495384,7184,26,123674,user_90@example.com,346,0
2026-05-09T00:21:57.495384,4099,51,134474,user_91@example.com,698,0
2026-05-09T00:21:57.495384,7278,70,85661,user_92@example.com,377,0
2026-05-09T00:21:57.495384,9392,61,146945,user_93@example.com,423,1
2026-05-09T00:21:57.495384,4104,52,65272,user_94@example.com,374,0
2026-05-09T00:21:57.495384,8215,69,109393,user_95@example.com,436,0
2026-05-09T00:21:57.495384,3454,75,81212,user_96@example.com,699,1
2026-05-09T00:21:57.495384,9996,39,144088,user_97@example.com,804,0
2026-05-09T00:21:57.495384,3731,61,35398,user_98@example.com,799,0
2026-05-09T00:21:57.495384,9154,41,140030,user_99@example.com,437,0
2026-05-09T00:21:57.495384,6056,34,76503,user_100@example.com,349,0
2026-05-09T00:21:57.495384,9110,27,26638,user_101@example.com,553,0
2026-05-09T00:21:57.495384,4840,47,26570,user_102@example.com,725,0
2026-05-09T00:21:57.495384,2028,73,88785,user_103@example.com,846,0
2026-05-09T00:21:57.495384,8385,76,29110,user_104@example.com,601,0
2026-05-09T00:21:57.495384,1502,63,125899,user_105@example.com,648,0
2026-05-09T00:21:57.495384,7910,40,99141,user_106@example.com,348,0
2026-05-09T00:21:57.495384,7938,49,32115,user_107@example.com,373,0
2026-05-09T00:21:57.495384,5488,34,59062,user_108@example.com,560,0
2026-05-09T00:21:57.495384,1206,67,42911,user_109@example.com,655,0
2026-05-09T00:21:57.495384,6134,68,124061,user_110@example.com,559,0
2026-05-09T00:21:57.495384,6977,34,52556,user_111@example.com,594,0
2026-05-09T00:21:57.495384,8721,31,98131,user_112@example.com,612,0
2026-05-09T00:21:57.495384,8035,26,148335,user_113@example.com,481,1
2026-05-09T00:21:57.495384,2484,57,21969,user_114@example.com,663,0
2026-05-09T00:21:57.495384,8858,19,63753,user_115@example.com,487,0
2026-05-09T00:21:57.495384,1863,62,102811,user_116@example.com,842,0
2026-05-09T00:21:57.495384,3790,42,24470,user_117@example.com,847,0
2026-05-09T00:21:57.495384,8408,56,141863,user_118@example.com,707,0
2026-05-09T00:21:57.495384,9755,26,30225,user_119@example.com,713,1
2026-05-09T00:21:57.495384,6116,71,127860,user_120@example.com,641,0
2026-05-09T00:21:57.495384,7019,39,143008,user_121@example.com,519,0
2026-05-09T00:21:57.495384,2757,60,127510,user_122@example.com,462,0
2026-05-09T00:21:57.495384,8574,63,128295,user_123@example.com,519,0
2026-05-09T00:21:57.495384,7374,21,43196,user_124@example.com,569,0
2026-05-09T00:21:57.495384,7892,43,125823,user_125@example.com,699,0
2026-05-09T00:21:57.495384,2678,75,33669,user_126@example.com,481,0
2026-05-09T00:21:57.495384,4242,46,57380,user_127@example.com,504,0
2026-05-09T00:21:57.495384,5636,62,144398,user_128@example.com,527,0
2026-05-09T00:21:57.495384,2059,51,130677,user_129@example.com,549,0
2026-05-09T00:21:57.495384,7668,40,135886,user_130@example.com,740,1
2026-05-09T00:21:57.495384,4157,54,146753,user_131@example.com,832,0
2026-05-09T00:21:57.495384,6915,28,68320,user_132@example.com,495,1
2026-05-09T00:21:57.495384,3693,23,67414,user_133@example.com,818,0
2026-05-09T00:21:57.495384,4627,35,123542,user_134@example.com,369,1
2026-05-09T00:21:57.495384,6450,38,35577,user_135@example.com,698,1
2026-05-09T00:21:57.495384,2663,59,145354,user_136@example.com,502,0
2026-05-09T00:21:57.495384,6592,53,108009,user_137@example.com,447,0
2026-05-09T00:21:57.495384,8392,58,146365,user_138@example.com,771,0
2026-05-09T00:21:57.495384,2306,55,75409,user_139@example.com,498,1
2026-05-09T00:21:57.495384,7776,51,48625,user_140@example.com,725,0
2026-05-09T00:21:57.495384,6864,34,101040,user_141@example.com,791,0
2026-05-09T00:21:57.495384,8526,54,44089,user_142@example.com,441,0
2026-05-09T00:21:57.495384,9901,42,56487,user_143@example.com,612,1
2026-05-09T00:21:57.495384,6575,55,85838,user_144@example.com,464,1
2026-05-09T00:21:57.495384,6530,75,116999,user_145@example.com,613,1
2026-05-09T00:21:57.495384,5413,29,130448,user_146@example.com,320,0
2026-05-09T00:21:57.495384,4748,40,114795,user_147@example.com,381,0
2026-05-09T00:21:57.495384,1663,70,70138,user_148@example.com,430,0
2026-05-09T00:21:57.495384,2998,59,62823,user_149@example.com,604,0
2026-05-09T00:21:57.495384,8994,39,57208,user_150@example.com,670,0
2026-05-09T00:21:57.495384,2495,38,74061,user_151@example.com,683,0
2026-05-09T00:21:57.495384,4304,44,50659,user_152@example.com,744,0
2026-05-09T00:21:57.495384,4763,74,149824,user_153@example.com,724,0
2026-05-09T00:21:57.495384,6232,48,121376,user_154@example.com,460,1
2026-05-09T00:21:57.495384,2853,23,51890,user_155@example.com,477,0
2026-05-09T00:21:57.495384,7585,44,99134,user_156@example.com,789,1
2026-05-09T00:21:57.495384,2291,57,67055,user_157@example.com,626,0
2026-05-09T00:21:57.495384,4581,51,132269,user_158@example.com,588,0
2026-05-09T00:21:57.495384,8554,29,39508,user_159@example.com,653,0
2026-05-09T00:21:57.495384,8280,62,62287,user_160@example.com,327,0
2026-05-09T00:21:57.495384,2636,74,98916,user_161@example.com,342,0
2026-05-09T00:21:57.495384,4696,70,46984,user_162@example.com,722,0
2026-05-09T00:21:57.495384,1698,24,130169,user_163@example.com,476,0
2026-05-09T00:21:57.495384,5737,27,28125,user_164@example.com,828,0
2026-05-09T00:21:57.495384,1854,62,56059,user_165@example.com,793,0
2026-05-09T00:21:57.495384,9164,34,89569,user_166@example.com,497,1
2026-05-09T00:21:57.495384,6855,43,123409,user_167@example.com,816,0
2026-05-09T00:21:57.495384,8392,38,37087,user_168@example.com,813,0
2026-05-09T00:21:57.495384,7528,45,126437,user_169@example.com,321,0
2026-05-09T00:21:57.495384,6249,79,135262,user_170@example.com,411,0
2026-05-09T00:21:57.495384,6172,75,25704,user_171@example.com,356,0
2026-05-09T00:21:57.495384,2707,63,80576,user_172@example.com,365,0
2026-05-09T00:21:57.495384,6791,19,93384,user_173@example.com,397,1
2026-05-09T00:21:57.495384,6535,77,107128,user_174@example.com,443,0
2026-05-09T00:21:57.495384,5931,71,131279,user_175@example.com,734,1
2026-05-09T00:21:57.495384,4510,60,92460,user_176@example.com,385,1
2026-05-09T00:21:57.495384,1202,18,47208,user_177@example.com,643,0
2026-05-09T00:21:57.495384,5218,68,138516,user_178@example.com,593,0
2026-05-09T00:21:57.495384,9958,70,149612,user_179@example.com,542,1
2026-05-09T00:21:57.495384,5389,53,105150,user_180@example.com,331,0
2026-05-09T00:21:57.495384,3327,68,86024,user_181@example.com,690,0
2026-05-09T00:21:57.495384,9004,43,59882,user_182@example.com,576,1
2026-05-09T00:21:57.495384,3931,46,45923,user_183@example.com,831,0
2026-05-09T00:21:57.495384,8777,38,146561,user_184@example.com,453,0
2026-05-09T00:21:57.495384,1197,28,134044,user_185@example.com,682,0
2026-05-09T00:21:57.495384,8125,57,121477,user_186@example.com,367,0
2026-05-09T00:21:57.495384,2930,28,49165,user_187@example.com,513,0
2026-05-09T00:21:57.495384,7287,53,87203,user_188@example.com,675,0
2026-05-09T00:21:57.495384,9800,66,111749,user_189@example.com,512,0
2026-05-09T00:21:57.495384,5282,76,24114,user_190@example.com,378,0
2026-05-09T00:21:57.495384,3511,56,84965,user_191@example.com,680,0
2026-05-09T00:21:57.495384,1659,57,56321,user_192@example.com,357,0
2026-05-09T00:21:57.495384,3811,52,93297,user_193@example.com,325,0
2026-05-09T00:21:57.495384,8098,71,116652,user_194@example.com,746,0
2026-05-09T00:21:57.495384,7546,51,119304,user_195@example.com,365,0
2026-05-09T00:21:57.495384,2986,72,133942,user_196@example.com,553,0
2026-05-09T00:21:57.495384,9338,64,45426,user_197@example.com,343,0
2026-05-09T00:21:57.495384,3911,41,37772,user_198@example.com,396,1
2026-05-09T00:21:57.495384,2734,71,123754,user_199@example.com,526,0
2026-05-09T00:21:57.495384,2843,39,23712,user_200@example.com,735,0
2026-05-09T00:21:57.495384,9680,22,21367,user_201@example.com,678,0
2026-05-09T00:21:57.495384,3976,73,126493,user_202@example.com,477,0
2026-05-09T00:21:57.495384,2959,50,127317,user_203@example.com,726,0
2026-05-09T00:21:57.495384,6759,75,135142,user_204@example.com,606,0
2026-05-09T00:21:57.495384,7694,53,111736,user_205@example.com,803,0
2026-05-09T00:21:57.495384,3385,64,71924,user_206@example.com,567,0
2026-05-09T00:21:57.495384,5736,37,23726,user_207@example.com,307,0
2026-05-09T00:21:57.495384,2802,36,109152,user_208@example.com,807,0
2026-05-09T00:21:57.495384,9155,52,47723,user_209@example.com,775,0
2026-05-09T00:21:57.495384,9120,69,146969,user_210@example.com,596,0
2026-05-09T00:21:57.495384,7616,60,123110,user_211@example.com,463,0
2026-05-09T00:21:57.495384,6534,34,120494,user_212@example.com,784,0
2026-05-09T00:21:57.495384,5061,79,29108,user_213@example.com,371,0
2026-05-09T00:21:57.495384,1262,76,97714,user_214@example.com,537,0
2026-05-09T00:21:57.495384,7287,62,55643,user_215@example.com,403,0
2026-05-09T00:21:57.495384,9815,60,51324,user_216@example.com,509,0
2026-05-09T00:21:57.495384,3049,51,123896,user_217@example.com,767,0
2026-05-09T00:21:57.495384,6423,26,103360,user_218@example.com,753,0
2026-05-09T00:21:57.495384,5548,43,130896,user_219@example.com,567,0
2026-05-09T00:21:57.495384,4108,19,28927,user_220@example.com,685,1
2026-05-09T00:21:57.495384,8158,70,113680,user_221@example.com,686,0
2026-05-09T00:21:57.495384,8400,26,116546,user_222@example.com,558,0
2026-05-09T00:21:57.495384,4170,26,42443,user_223@example.com,582,0
2026-05-09T00:21:57.495384,3255,57,99973,user_224@example.com,339,0
2026-05-09T00:21:57.495384,2154,34,83449,user_225@example.com,785,0
2026-05-09T00:21:57.495384,5499,18,129834,user_226@example.com,519,0
2026-05-09T00:21:57.495384,7295,42,125314,user_227@example.com,428,0
2026-05-09T00:21:57.495384,7197,78,96743,user_228@example.com,819,1
2026-05-09T00:21:57.495384,2648,60,141805,user_229@example.com,559,0
2026-05-09T00:21:57.495384,6539,57,80233,user_230@example.com,665,1
2026-05-09T00:21:57.495384,5199,59,45537,user_231@example.com,843,0
2026-05-09T00:21:57.495384,9445,42,121293,user_232@example.com,823,0
2026-05-09T00:21:57.495384,3557,56,97576,user_233@example.com,315,0
2026-05-09T00:21:57.495384,6592,52,127522,user_234@example.com,428,0
2026-05-09T00:21:57.495384,1098,20,42612,user_235@example.com,408,0
2026-05-09T00:21:57.495384,3200,67,113977,user_236@example.com,832,0
2026-05-09T00:21:57.495384,3961,54,26471,user_237@example.com,568,0
2026-05-09T00:21:57.495384,5973,61,55631,user_238@example.com,461,0
2026-05-09T00:21:57.495384,5433,61,148449,user_239@example.com,559,0
2026-05-09T00:21:57.495384,3869,68,128997,user_240@example.com,401,1
2026-05-09T00:21:57.495384,1956,47,112059,user_241@example.com,805,0
2026-05-09T00:21:57.495384,9352,55,51348,user_242@example.com,546,1
2026-05-09T00:21:57.495384,6699,51,84732,user_243@example.com,836,1
2026-05-09T00:21:57.495384,7944,29,21177,user_244@example.com,430,1
2026-05-09T00:21:57.495384,5493,36,24760,user_245@example.com,652,0
2026-05-09T00:21:57.495384,5911,54,52779,user_246@example.com,495,0
2026-05-09T00:21:57.495384,4987,61,41636,user_247@example.com,681,1
2026-05-09T00:21:57.495384,7015,76,101889,user_248@example.com,526,0
2026-05-09T00:21:57.495384,2218,76,73551,user_249@example.com,775,0
2026-05-09T00:21:57.495384,5496,66,31556,user_250@example.com,776,0
2026-05-09T00:21:57.495384,5735,78,47598,user_251@example.com,564,0
2026-05-09T00:21:57.495384,5555,34,31563,user_252@example.com,671,0
2026-05-09T00:21:57.495384,9050,27,66819,user_253@example.com,785,0
2026-05-09T00:21:57.495384,4446,74,129326,user_254@example.com,733,1
2026-05-09T00:21:57.495384,2045,72,93770,user_255@example.com,510,0
2026-05-09T00:21:57.495384,7893,66,111055,user_256@example.com,676,1
2026-05-09T00:21:57.495384,2693,64,46966,user_257@example.com,694,0
2026-05-09T00:21:57.495384,4436,29,140133,user_258@example.com,749,0
2026-05-09T00:21:57.495384,9754,79,101709,user_259@example.com,663,0
2026-05-09T00:21:57.495384,6895,33,79889,user_260@example.com,756,0
2026-05-09T00:21:57.495384,4354,41,46987,user_261@example.com,525,1
2026-05-09T00:21:57.495384,1225,36,98714,user_262@example.com,430,0
2026-05-09T00:21:57.495384,5893,25,124874,user_263@example.com,775,0
2026-05-09T00:21:57.495384,8022,48,78348,user_264@example.com,576,0
2026-05-09T00:21:57.495384,6600,38,44596,user_265@example.com,455,0
2026-05-09T00:21:57.495384,8996,34,53174,user_266@example.com,517,0
2026-05-09T00:21:57.495384,8683,40,84106,user_267@example.com,489,0
2026-05-09T00:21:57.495384,5642,54,127510,user_268@example.com,716,0
2026-05-09T00:21:57.495384,8679,71,89967,user_269@example.com,845,1
2026-05-09T00:21:57.495384,9208,33,79182,user_270@example.com,340,0
2026-05-09T00:21:57.495384,8339,23,113300,user_271@example.com,606,0
2026-05-09T00:21:57.495384,3205,25,107163,user_272@example.com,637,0
2026-05-09T00:21:57.495384,2069,42,59310,user_273@example.com,613,0
2026-05-09T00:21:57.495384,4444,35,76088,user_274@example.com,374,0
2026-05-09T00:21:57.495384,2060,42,148803,user_275@example.com,578,0
2026-05-09T00:21:57.495384,3327,29,28906,user_276@example.com,475,0
2026-05-09T00:21:57.495384,4420,32,56914,user_277@example.com,572,1
2026-05-09T00:21:57.495384,1301,76,130350,user_278@example.com,588,0
2026-05-09T00:21:57.495384,1606,43,65379,user_279@example.com,571,0
2026-05-09T00:21:57.495384,4170,58,98612,user_280@example.com,365,0
2026-05-09T00:21:57.495384,1699,62,134828,user_281@example.com,782,0
2026-05-09T00:21:57.495384,6088,43,147445,user_282@example.com,547,0
2026-05-09T00:21:57.495384,1190,64,57650,user_283@example.com,455,0
2026-05-09T00:21:57.495384,1980,49,66881,user_284@example.com,346,1
2026-05-09T00:21:57.495384,3975,27,66413,user_285@example.com,753,1
2026-05-09T00:21:57.495384,7102,33,26012,user_286@example.com,500,1
2026-05-09T00:21:57.495384,2184,24,70115,user_287@example.com,423,0
2026-05-09T00:21:57.495384,4327,34,27151,user_288@example.com,300,0
2026-05-09T00:21:57.495384,4394,40,77716,user_289@example.com,490,0
2026-05-09T00:21:57.495384,9319,43,113747,user_290@example.com,815,1
2026-05-09T00:21:57.495384,2816,38,112653,user_291@example.com,741,0
2026-05-09T00:21:57.495384,6854,39,56378,user_292@example.com,442,1
2026-05-09T00:21:57.495384,7709,75,62652,user_293@example.com,490,0
2026-05-09T00:21:57.495384,1569,24,92430,user_294@example.com,832,0
2026-05-09T00:21:57.495384,6442,31,33467,user_295@example.com,526,0
2026-05-09T00:21:57.495384,2895,32,51010,user_296@example.com,612,0
2026-05-09T00:21:57.495384,3733,70,148647,user_297@example.com,601,0
2026-05-09T00:21:57.495384,4863,24,141999,user_298@example.com,759,0
2026-05-09T00:21:57.495384,8455,26,134793,user_299@example.com,700,0
2026-05-09T00:21:57.495384,5014,68,74691,user_300@example.com,692,0
2026-05-09T00:21:57.495384,2686,65,84157,user_301@example.com,506,0
2026-05-09T00:21:57.495384,4009,25,128177,user_302@example.com,509,0
2026-05-09T00:21:57.495384,8806,67,32289,user_303@example.com,414,0
2026-05-09T00:21:57.495384,1154,76,64976,user_304@example.com,550,0
2026-05-09T00:21:57.495384,2409,40,63596,user_305@example.com,518,0
2026-05-09T00:21:57.495384,1784,46,43171,user_306@example.com,706,0
2026-05-09T00:21:57.495384,9096,35,120441,user_307@example.com,742,0
2026-05-09T00:21:57.495384,8560,48,146296,user_308@example.com,653,0
2026-05-09T00:21:57.495384,8343,47,106365,user_309@example.com,849,0
2026-05-09T00:21:57.495384,8206,69,138218,user_310@example.com,441,0
2026-05-09T00:21:57.495384,6596,56,119590,user_311@example.com,800,1
2026-05-09T00:21:57.495384,6801,52,134014,user_312@example.com,846,0
2026-05-09T00:21:57.495384,3806,35,64139,user_313@example.com,841,0
2026-05-09T00:21:57.495384,1537,76,68713,user_314@example.com,806,0
2026-05-09T00:21:57.495384,6986,59,49734,user_315@example.com,580,1
2026-05-09T00:21:57.495384,2841,56,92588,user_316@example.com,723,0
2026-05-09T00:21:57.495384,9716,34,83646,user_317@example.com,569,0
2026-05-09T00:21:57.495384,7971,31,23654,user_318@example.com,453,1
2026-05-09T00:21:57.495384,6625,48,109022,user_319@example.com,382,0
2026-05-09T00:21:57.495384,3950,41,38743,user_320@example.com,725,1
2026-05-09T00:21:57.495384,8992,52,68368,user_321@example.com,574,0
2026-05-09T00:21:57.495384,5780,61,110025,user_322@example.com,583,1
2026-05-09T00:21:57.495384,3368,77,94172,user_323@example.com,472,0
2026-05-09T00:21:57.495384,7655,62,26441,user_324@example.com,626,0
2026-05-09T00:21:57.495384,9173,51,139735,user_325@example.com,362,0
2026-05-09T00:21:57.495384,5495,20,44611,user_326@example.com,372,0
2026-05-09T00:21:57.495384,7002,54,139891,user_327@example.com,674,0
2026-05-09T00:21:57.495384,7614,60,127971,user_328@example.com,807,1
2026-05-09T00:21:57.495384,6919,57,32149,user_329@example.com,697,1
2026-05-09T00:21:57.495384,1853,43,120102,user_330@example.com,419,0
2026-05-09T00:21:57.495384,5146,72,79189,user_331@example.com,736,1
2026-05-09T00:21:57.495384,4769,40,127904,user_332@example.com,764,0
2026-05-09T00:21:57.495384,1574,61,41675,user_333@example.com,585,0
2026-05-09T00:21:57.495384,2148,56,91031,user_334@example.com,564,0
2026-05-09T00:21:57.495384,7293,32,62668,user_335@example.com,619,0
2026-05-09T00:21:57.495384,7457,73,33673,user_336@example.com,675,0
2026-05-09T00:21:57.495384,8509,66,149582,user_337@example.com,388,0
2026-05-09T00:21:57.495384,5777,21,96666,user_338@example.com,502,1
2026-05-09T00:21:57.495384,4854,46,108204,user_339@example.com,633,0
2026-05-09T00:21:57.495384,3491,39,100758,user_340@example.com,521,1
2026-05-09T00:21:57.495384,4124,42,85429,user_341@example.com,340,0
2026-05-09T00:21:57.495384,6691,30,43669,user_342@example.com,367,0
2026-05-09T00:21:57.495384,4051,35,54068,user_343@example.com,813,0
2026-05-09T00:21:57.495384,1004,50,108789,user_344@example.com,426,1
2026-05-09T00:21:57.495384,6222,33,29435,user_345@example.com,554,0
2026-05-09T00:21:57.495384,6315,62,114088,user_346@example.com,315,0
2026-05-09T00:21:57.495384,5869,59,72249,user_347@example.com,776,0
2026-05-09T00:21:57.495384,1876,61,57384,user_348@example.com,361,0
2026-05-09T00:21:57.495384,8027,79,148782,user_349@example.com,731,0
2026-05-09T00:21:57.495384,5142,19,101929,user_350@example.com,567,0
2026-05-09T00:21:57.495384,7966,72,147959,user_351@example.com,334,0
2026-05-09T00:21:57.495384,8079,52,96153,user_352@example.com,793,0
2026-05-09T00:21:57.495384,8987,59,124056,user_353@example.com,768,0
2026-05-09T00:21:57.495384,7799,51,95388,user_354@example.com,624,0
2026-05-09T00:21:57.495384,5465,47,51401,user_355@example.com,603,0
2026-05-09T00:21:57.495384,1635,76,145511,user_356@example.com,575,0
2026-05-09T00:21:57.495384,2693,72,91831,user_357@example.com,500,1
2026-05-09T00:21:57.495384,5752,30,139503,user_358@example.com,744,0
2026-05-09T00:21:57.495384,9311,30,135760,user_359@example.com,623,0
2026-05-09T00:21:57.495384,1830,35,121529,user_360@example.com,334,0
2026-05-09T00:21:57.495384,6177,49,147834,user_361@example.com,781,0
2026-05-09T00:21:57.495384,9932,49,54084,user_362@example.com,779,0
2026-05-09T00:21:57.495384,9308,52,140387,user_363@example.com,364,0
2026-05-09T00:21:57.495384,6949,76,130641,user_364@example.com,307,0
2026-05-09T00:21:57.495384,3838,56,125111,user_365@example.com,600,1
2026-05-09T00:21:57.495384,2150,63,75826,user_366@example.com,642,0
2026-05-09T00:21:57.495384,8560,69,56451,user_367@example.com,730,0
2026-05-09T00:21:57.495384,2931,46,27227,user_368@example.com,723,0
2026-05-09T00:21:57.495384,2664,79,51910,user_369@example.com,631,0
2026-05-09T00:21:57.495384,2081,66,56041,user_370@example.com,737,0
2026-05-09T00:21:57.495384,1512,46,108920,user_371@example.com,473,0
2026-05-09T00:21:57.495384,8805,79,85681,user_372@example.com,826,0
2026-05-09T00:21:57.495384,6237,70,123314,user_373@example.com,325,0
2026-05-09T00:21:57.495384,1559,61,101571,user_374@example.com,705,0
2026-05-09T00:21:57.495384,4672,74,85481,user_375@example.com,531,0
2026-05-09T00:21:57.495384,8404,33,88576,user_376@example.com,832,0
2026-05-09T00:21:57.495384,4343,73,127958,user_377@example.com,849,0
2026-05-09T00:21:57.495384,5070,61,149265,user_378@example.com,804,1
2026-05-09T00:21:57.495384,1580,64,147556,user_379@example.com,478,0
2026-05-09T00:21:57.495384,8004,74,84174,user_380@example.com,431,0
2026-05-09T00:21:57.495384,9130,27,46160,user_381@example.com,754,1
2026-05-09T00:21:57.495384,4147,47,135170,user_382@example.com,647,0
2026-05-09T00:21:57.495384,5249,42,137867,user_383@example.com,839,0
2026-05-09T00:21:57.495384,2679,56,37633,user_384@example.com,705,0
2026-05-09T00:21:57.495384,4506,37,114880,user_385@example.com,375,0
2026-05-09T00:21:57.495384,8253,22,37014,user_386@example.com,791,0
2026-05-09T00:21:57.495384,3744,18,100532,user_387@example.com,493,0
2026-05-09T00:21:57.495384,6188,47,69104,user_388@example.com,461,0
2026-05-09T00:21:57.495384,3141,66,61621,user_389@example.com,646,0
2026-05-09T00:21:57.495384,7617,20,97231,user_390@example.com,660,1
2026-05-09T00:21:57.495384,3479,62,88388,user_391@example.com,386,0
2026-05-09T00:21:57.495384,7484,31,36014,user_392@example.com,561,0
2026-05-09T00:21:57.495384,8421,73,112578,user_393@example.com,513,1
2026-05-09T00:21:57.495384,5452,47,53755,user_394@example.com,561,0
2026-05-09T00:21:57.495384,6881,67,60390,user_395@example.com,582,1
2026-05-09T00:21:57.495384,7665,21,43711,user_396@example.com,766,0
2026-05-09T00:21:57.495384,3849,35,111658,user_397@example.com,679,0
2026-05-09T00:21:57.495384,8390,79,77993,user_398@example.com,661,0
2026-05-09T00:21:57.495384,7905,54,94696,user_399@example.com,748,0
2026-05-09T00:21:57.495384,3489,42,47213,user_400@example.com,740,0
2026-05-09T00:21:57.495384,5611,65,135788,user_401@example.com,392,1
2026-05-09T00:21:57.495384,3839,18,124956,user_402@example.com,723,0
2026-05-09T00:21:57.495384,9527,70,77784,user_403@example.com,441,0
2026-05-09T00:21:57.495384,6878,63,27421,user_404@example.com,590,1
2026-05-09T00:21:57.495384,7303,32,106936,user_405@example.com,731,0
2026-05-09T00:21:57.495384,1851,26,119073,user_406@example.com,348,0
2026-05-09T00:21:57.495384,2687,32,37727,user_407@example.com,601,1
2026-05-09T00:21:57.495384,7833,66,132418,user_408@example.com,489,0
2026-05-09T00:21:57.495384,3427,74,24358,user_409@example.com,435,0
2026-05-09T00:21:57.495384,5000,41,85108,user_410@example.com,703,1
2026-05-09T00:21:57.495384,6052,21,146609,user_411@example.com,640,0
2026-05-09T00:21:57.495384,3738,29,114018,user_412@example.com,617,0
2026-05-09T00:21:57.495384,6732,76,144457,user_413@example.com,662,0
2026-05-09T00:21:57.495384,6387,75,52117,user_414@example.com,681,0
2026-05-09T00:21:57.495384,9002,54,108700,user_415@example.com,532,1
2026-05-09T00:21:57.495384,6536,78,51910,user_416@example.com,643,0
2026-05-09T00:21:57.495384,4913,54,146888,user_417@example.com,848,0
2026-05-09T00:21:57.495384,2066,60,118032,user_418@example.com,828,0
2026-05-09T00:21:57.495384,8723,77,75754,user_419@example.com,482,0
2026-05-09T00:21:57.495384,5380,23,82438,user_420@example.com,340,0
2026-05-09T00:21:57.495384,5107,56,129847,user_421@example.com,696,1
2026-05-09T00:21:57.495384,6726,73,49371,user_422@example.com,793,0
2026-05-09T00:21:57.495384,4373,63,71501,user_423@example.com,632,0
2026-05-09T00:21:57.495384,9945,41,80946,user_424@example.com,426,0
2026-05-09T00:21:57.495384,3082,28,58467,user_425@example.com,300,0
2026-05-09T00:21:57.495384,9967,79,37625,user_426@example.com,467,0
2026-05-09T00:21:57.495384,7748,30,53893,user_427@example.com,318,0
2026-05-09T00:21:57.495384,1417,51,96329,user_428@example.com,631,0
2026-05-09T00:21:57.495384,9306,42,51007,user_429@example.com,755,0
2026-05-09T00:21:57.495384,9808,24,111302,user_430@example.com,408,0
2026-05-09T00:21:57.495384,4974,69,59532,user_431@example.com,567,0
2026-05-09T00:21:57.495384,4267,21,74253,user_432@example.com,744,0
2026-05-09T00:21:57.495384,1825,76,32323,user_433@example.com,539,0
2026-05-09T00:21:57.495384,8668,25,131335,user_434@example.com,600,1
2026-05-09T00:21:57.495384,6745,37,132356,user_435@example.com,402,0
2026-05-09T00:21:57.495384,1412,46,130944,user_436@example.com,549,1
2026-05-09T00:21:57.495384,8543,71,93379,user_437@example.com,752,0
2026-05-09T00:21:57.495384,8587,70,34210,user_438@example.com,819,0
2026-05-09T00:21:57.495384,1728,68,36456,user_439@example.com,452,1
2026-05-09T00:21:57.495384,8164,62,51367,user_440@example.com,473,0
2026-05-09T00:21:57.495384,9867,63,74624,user_441@example.com,642,1
2026-05-09T00:21:57.495384,6988,27,30106,user_442@example.com,730,0
2026-05-09T00:21:57.495384,3504,60,123493,user_443@example.com,623,0
2026-05-09T00:21:57.495384,3967,51,88008,user_444@example.com,719,0
2026-05-09T00:21:57.495384,3786,74,145926,user_445@example.com,784,0
2026-05-09T00:21:57.495384,2122,43,135395,user_446@example.com,711,0
2026-05-09T00:21:57.495384,5079,58,136492,user_447@example.com,383,0
2026-05-09T00:21:57.495384,2571,66,92240,user_448@example.com,412,0
2026-05-09T00:21:57.495384,6073,75,84315,user_449@example.com,631,0
2026-05-09T00:21:57.495384,6104,20,89249,user_450@example.com,677,0
2026-05-09T00:21:57.495384,3143,73,90587,user_451@example.com,340,0
2026-05-09T00:21:57.495384,7806,23,30756,user_452@example.com,404,1
2026-05-09T00:21:57.495384,8357,22,88011,user_453@example.com,501,0
2026-05-09T00:21:57.495384,4440,22,56378,user_454@example.com,749,1
2026-05-09T00:21:57.495384,4766,71,24255,user_455@example.com,565,1
2026-05-09T00:21:57.495384,6644,64,34484,user_456@example.com,509,0
2026-05-09T00:21:57.495384,3914,40,145703,user_457@example.com,417,0
2026-05-09T00:21:57.495384,5968,66,76549,user_458@example.com,676,0
2026-05-09T00:21:57.495384,6917,26,54503,user_459@example.com,839,0
2026-05-09T00:21:57.495384,9787,52,144465,user_460@example.com,383,0
2026-05-09T00:21:57.495384,1728,37,93794,user_461@example.com,753,0
2026-05-09T00:21:57.495384,2365,75,145941,user_462@example.com,813,0
2026-05-09T00:21:57.495384,5492,66,126283,user_463@example.com,686,0
2026-05-09T00:21:57.495384,1698,78,120732,user_464@example.com,649,0
2026-05-09T00:21:57.495384,8186,76,65113,user_465@example.com,595,0
2026-05-09T00:21:57.495384,1395,59,125730,user_466@example.com,557,0
2026-05-09T00:21:57.495384,8400,52,94069,user_467@example.com,380,0
2026-05-09T00:21:57.495384,9082,67,118117,user_468@example.com,567,0
2026-05-09T00:21:57.495384,5171,35,25249,user_469@example.com,718,0
2026-05-09T00:21:57.495384,5360,79,145654,user_470@example.com,534,0
2026-05-09T00:21:57.495384,3502,34,139979,user_471@example.com,610,0
2026-05-09T00:21:57.495384,1717,41,39201,user_472@example.com,656,0
2026-05-09T00:21:57.495384,3782,20,145541,user_473@example.com,512,0
2026-05-09T00:21:57.495384,5946,49,78576,user_474@example.com,348,0
2026-05-09T00:21:57.495384,6486,52,138562,user_475@example.com,426,0
2026-05-09T00:21:57.495384,9335,55,145281,user_476@example.com,522,0
2026-05-09T00:21:57.495384,5980,30,29686,user_477@example.com,578,0
2026-05-09T00:21:57.495384,8266,73,132413,user_478@example.com,707,0
2026-05-09T00:21:57.495384,5491,78,73363,user_479@example.com,804,0
2026-05-09T00:21:57.495384,8192,64,117543,user_480@example.com,593,1
2026-05-09T00:21:57.495384,6588,42,20661,user_481@example.com,576,0
2026-05-09T00:21:57.495384,8651,26,64843,user_482@example.com,737,0
2026-05-09T00:21:57.495384,4636,21,115673,user_483@example.com,406,0
2026-05-09T00:21:57.495384,2167,31,80963,user_484@example.com,719,0
2026-05-09T00:21:57.495384,2062,54,133092,user_485@example.com,728,0
2026-05-09T00:21:57.495384,3156,51,62828,user_486@example.com,674,0
2026-05-09T00:21:57.495384,8860,28,68604,user_487@example.com,372,0
2026-05-09T00:21:57.495384,6161,58,30526,user_488@example.com,329,0
2026-05-09T00:21:57.495384,6305,73,88910,user_489@example.com,487,0
2026-05-09T00:21:57.495384,7541,20,45592,user_490@example.com,663,1
2026-05-09T00:21:57.495384,5729,76,48982,user_491@example.com,750,1
2026-05-09T00:21:57.495384,8330,45,20207,user_492@example.com,494,0
2026-05-09T00:21:57.495384,6334,46,120969,user_493@example.com,455,0
2026-05-09T00:21:57.495384,9924,26,137181,user_494@example.com,471,0
2026-05-09T00:21:57.495384,5330,20,108733,user_495@example.com,340,0
2026-05-09T00:21:57.495384,9010,42,118936,user_496@example.com,362,0
2026-05-09T00:21:57.495384,7801,51,144982,user_497@example.com,322,0
2026-05-09T00:21:57.495384,5846,29,145839,user_498@example.com,659,0
2026-05-09T00:21:57.495384,7731,59,88619,user_499@example.com,374,1
2026-05-09T00:21:57.495384,8241,26,49328,user_500@example.com,417,0
2026-05-09T00:21:57.495384,1953,32,66479,user_501@example.com,679,0
2026-05-09T00:21:57.495384,3539,57,128427,user_502@example.com,589,0
2026-05-09T00:21:57.495384,8056,42,40103,user_503@example.com,739,0
2026-05-09T00:21:57.495384,2542,22,59891,user_504@example.com,306,0
2026-05-09T00:21:57.495384,6293,28,30754,user_505@example.com,495,0
2026-05-09T00:21:57.495384,2191,76,119983,user_506@example.com,720,0
2026-05-09T00:21:57.495384,7313,51,101437,user_507@example.com,492,1
2026-05-09T00:21:57.495384,7938,41,118540,user_508@example.com,447,0
2026-05-09T00:21:57.495384,3681,77,92982,user_509@example.com,501,0
2026-05-09T00:21:57.495384,2540,32,122747,user_510@example.com,743,0
2026-05-09T00:21:57.495384,7172,55,75922,user_511@example.com,718,1
2026-05-09T00:21:57.495384,6541,25,68231,user_512@example.com,726,0
2026-05-09T00:21:57.495384,2365,76,49301,user_513@example.com,778,0
2026-05-09T00:21:57.495384,9691,22,111652,user_514@example.com,774,1
2026-05-09T00:21:57.495384,9702,65,140787,user_515@example.com,425,0
2026-05-09T00:21:57.495384,8494,43,146823,user_516@example.com,694,1
2026-05-09T00:21:57.495384,5312,35,82711,user_517@example.com,624,0
2026-05-09T00:21:57.495384,2324,23,61323,user_518@example.com,691,0
2026-05-09T00:21:57.495384,4141,54,38752,user_519@example.com,739,0
2026-05-09T00:21:57.495384,8419,77,117912,user_520@example.com,503,0
2026-05-09T00:21:57.495384,4486,65,102205,user_521@example.com,785,0
2026-05-09T00:21:57.495384,2810,30,118452,user_522@example.com,330,0
2026-05-09T00:21:57.495384,7588,45,33395,user_523@example.com,687,0
2026-05-09T00:21:57.495384,3923,22,105957,user_524@example.com,733,0
2026-05-09T00:21:57.495384,6301,30,141237,user_525@example.com,675,1
2026-05-09T00:21:57.495384,5186,34,76273,user_526@example.com,643,1
2026-05-09T00:21:57.495384,9905,67,147431,user_527@example.com,742,0
2026-05-09T00:21:57.495384,6977,57,111878,user_528@example.com,374,1
2026-05-09T00:21:57.495384,5268,62,24895,user_529@example.com,454,0
2026-05-09T00:21:57.495384,5748,49,139968,user_530@example.com,729,0
2026-05-09T00:21:57.495384,5849,79,135700,user_531@example.com,662,0
2026-05-09T00:21:57.495384,4709,46,96559,user_532@example.com,747,0
2026-05-09T00:21:57.495384,7619,68,30699,user_533@example.com,533,0
2026-05-09T00:21:57.495384,9647,75,85061,user_534@example.com,561,0
2026-05-09T00:21:57.495384,4072,20,29715,user_535@example.com,424,0
2026-05-09T00:21:57.495384,7530,73,39169,user_536@example.com,544,0
2026-05-09T00:21:57.495384,1504,57,145436,user_537@example.com,841,0
2026-05-09T00:21:57.495384,2214,51,138413,user_538@example.com,784,1
2026-05-09T00:21:57.495384,2531,57,36163,user_539@example.com,421,0
2026-05-09T00:21:57.495384,8576,44,139264,user_540@example.com,424,1
2026-05-09T00:21:57.495384,1823,30,25782,user_541@example.com,848,1
2026-05-09T00:21:57.495384,1928,62,108177,user_542@example.com,469,1
2026-05-09T00:21:57.495384,6029,50,149772,user_543@example.com,423,1
2026-05-09T00:21:57.495384,1133,23,144481,user_544@example.com,334,1
2026-05-09T00:21:57.495384,3105,41,104328,user_545@example.com,386,0
2026-05-09T00:21:57.495384,4627,36,135028,user_546@example.com,500,0
2026-05-09T00:21:57.495384,7316,33,55585,user_547@example.com,668,0
2026-05-09T00:21:57.495384,2852,57,50682,user_548@example.com,376,0
2026-05-09T00:21:57.495384,5910,45,67864,user_549@example.com,358,0
2026-05-09T00:21:57.495384,5175,50,149992,user_550@example.com,730,0
2026-05-09T00:21:57.495384,6348,76,104416,user_551@example.com,799,1
2026-05-09T00:21:57.495384,7190,76,75114,user_552@example.com,408,1
2026-05-09T00:21:57.495384,2256,65,147810,user_553@example.com,577,1
2026-05-09T00:21:57.495384,4376,58,58067,user_554@example.com,367,0
2026-05-09T00:21:57.495384,6645,30,62685,user_555@example.com,368,0
2026-05-09T00:21:57.495384,4486,60,142262,user_556@example.com,464,0
2026-05-09T00:21:57.495384,4584,62,38073,user_557@example.com,788,0
2026-05-09T00:21:57.495384,9053,42,56035,user_558@example.com,604,0
2026-05-09T00:21:57.495384,4330,70,84977,user_559@example.com,664,0
2026-05-09T00:21:57.495384,3703,59,122710,user_560@example.com,678,1
2026-05-09T00:21:57.495384,9662,53,110373,user_561@example.com,642,0
2026-05-09T00:21:57.495384,9120,44,103362,user_562@example.com,653,0
2026-05-09T00:21:57.495384,8114,55,110517,user_563@example.com,715,0
2026-05-09T00:21:57.495384,2353,77,85450,user_564@example.com,408,0
2026-05-09T00:21:57.495384,6063,24,30382,user_565@example.com,796,0
2026-05-09T00:21:57.495384,9549,22,24437,user_566@example.com,640,1
2026-05-09T00:21:57.495384,8575,60,90971,user_567@example.com,682,0
2026-05-09T00:21:57.495384,1667,62,84612,user_568@example.com,832,0
2026-05-09T00:21:57.495384,5468,75,110355,user_569@example.com,599,0
2026-05-09T00:21:57.495384,7819,74,81929,user_570@example.com,438,0
2026-05-09T00:21:57.495384,4719,68,122411,user_571@example.com,658,0
2026-05-09T00:21:57.495384,3745,48,117518,user_572@example.com,798,0
2026-05-09T00:21:57.495384,8483,40,118864,user_573@example.com,684,0
2026-05-09T00:21:57.495384,1539,59,32329,user_574@example.com,579,0
2026-05-09T00:21:57.495384,5964,27,145605,user_575@example.com,782,0
2026-05-09T00:21:57.495384,5835,49,45169,user_576@example.com,410,0
2026-05-09T00:21:57.495384,4775,60,107468,user_577@example.com,438,1
2026-05-09T00:21:57.495384,7042,70,54594,user_578@example.com,734,0
2026-05-09T00:21:57.495384,8102,47,96957,user_579@example.com,808,0
2026-05-09T00:21:57.495384,8312,56,80631,user_580@example.com,572,0
2026-05-09T00:21:57.495384,6320,48,65033,user_581@example.com,398,0
2026-05-09T00:21:57.495384,7132,35,83133,user_582@example.com,403,0
2026-05-09T00:21:57.495384,8891,53,93165,user_583@example.com,513,0
2026-05-09T00:21:57.495384,3779,19,93861,user_584@example.com,464,0
2026-05-09T00:21:57.495384,1924,31,72290,user_585@example.com,819,1
2026-05-09T00:21:57.495384,2581,30,114031,user_586@example.com,583,0
2026-05-09T00:21:57.495384,8714,46,51750,user_587@example.com,816,1
2026-05-09T00:21:57.495384,4324,29,115155,user_588@example.com,463,0
2026-05-09T00:21:57.495384,6713,56,60461,user_589@example.com,363,1
2026-05-09T00:21:57.495384,8026,19,93800,user_590@example.com,390,1
2026-05-09T00:21:57.495384,1255,49,98222,user_591@example.com,416,0
2026-05-09T00:21:57.495384,5804,30,132020,user_592@example.com,566,1
2026-05-09T00:21:57.495384,2838,63,44226,user_593@example.com,439,0
2026-05-09T00:21:57.495384,1009,44,26721,user_594@example.com,545,1
2026-05-09T00:21:57.495384,3871,66,76154,user_595@example.com,694,0
2026-05-09T00:21:57.495384,9989,58,40609,user_596@example.com,786,0
2026-05-09T00:21:57.495384,8409,34,72130,user_597@example.com,775,0
2026-05-09T00:21:57.495384,8418,57,92909,user_598@example.com,816,1
2026-05-09T00:21:57.495384,6124,48,124211,user_599@example.com,483,0
2026-05-09T00:21:57.495384,2015,51,75249,user_600@example.com,319,0
2026-05-09T00:21:57.495384,3193,77,68895,user_601@example.com,823,0
2026-05-09T00:21:57.495384,9415,41,114473,user_602@example.com,828,1
2026-05-09T00:21:57.495384,8449,62,25656,user_603@example.com,446,0
2026-05-09T00:21:57.495384,5158,52,144865,user_604@example.com,603,0
2026-05-09T00:21:57.495384,4925,65,94520,user_605@example.com,527,0
2026-05-09T00:21:57.495384,7970,23,83740,user_606@example.com,401,0
2026-05-09T00:21:57.495384,7938,36,84309,user_607@example.com,716,0
2026-05-09T00:21:57.495384,5784,47,49984,user_608@example.com,515,1
2026-05-09T00:21:57.495384,5000,24,138947,user_609@example.com,706,0
2026-05-09T00:21:57.495384,2633,27,93822,user_610@example.com,698,0
2026-05-09T00:21:57.495384,8266,58,25901,user_611@example.com,798,0
2026-05-09T00:21:57.495384,9702,49,51552,user_612@example.com,764,0
2026-05-09T00:21:57.495384,1384,51,111245,user_613@example.com,381,0
2026-05-09T00:21:57.495384,1404,45,51055,user_614@example.com,664,0
2026-05-09T00:21:57.495384,9175,77,57685,user_615@example.com,462,0
2026-05-09T00:21:57.495384,3000,32,93965,user_616@example.com,347,1
2026-05-09T00:21:57.495384,6989,47,34716,user_617@example.com,810,0
2026-05-09T00:21:57.495384,2460,54,134099,user_618@example.com,628,1
2026-05-09T00:21:57.495384,8190,46,31138,user_619@example.com,415,1
2026-05-09T00:21:57.495384,8140,39,55298,user_620@example.com,636,0
2026-05-09T00:21:57.495384,4636,21,71112,user_621@example.com,446,1
2026-05-09T00:21:57.495384,5809,37,43429,user_622@example.com,622,0
2026-05-09T00:21:57.495384,5178,49,70200,user_623@example.com,742,0
2026-05-09T00:21:57.495384,8245,53,91308,user_624@example.com,312,0
2026-05-09T00:21:57.495384,7600,67,68244,user_625@example.com,793,0
2026-05-09T00:21:57.495384,6997,21,137217,user_626@example.com,586,0
2026-05-09T00:21:57.495384,3048,44,134055,user_627@example.com,413,0
2026-05-09T00:21:57.495384,5780,34,121268,user_628@example.com,779,0
2026-05-09T00:21:57.495384,1716,29,125441,user_629@example.com,321,0
2026-05-09T00:21:57.495384,8939,39,37347,user_630@example.com,648,1
2026-05-09T00:21:57.495384,6565,34,36920,user_631@example.com,619,0
2026-05-09T00:21:57.495384,5544,27,51822,user_632@example.com,425,0
2026-05-09T00:21:57.495384,5976,71,66659,user_633@example.com,576,0
2026-05-09T00:21:57.495384,4419,18,60108,user_634@example.com,503,0
2026-05-09T00:21:57.495384,8239,39,148955,user_635@example.com,493,0
2026-05-09T00:21:57.495384,1249,43,109099,user_636@example.com,846,1
2026-05-09T00:21:57.495384,9865,73,27967,user_637@example.com,585,0
2026-05-09T00:21:57.495384,1770,76,130719,user_638@example.com,356,0
2026-05-09T00:21:57.495384,5363,35,31871,user_639@example.com,602,1
2026-05-09T00:21:57.495384,2077,67,114299,user_640@example.com,462,1
2026-05-09T00:21:57.495384,9427,31,97452,user_641@example.com,318,0
2026-05-09T00:21:57.495384,9580,64,94270,user_642@example.com,669,0
2026-05-09T00:21:57.495384,8901,46,53613,user_643@example.com,563,0
2026-05-09T00:21:57.495384,5858,29,48179,user_644@example.com,412,0
2026-05-09T00:21:57.495384,7544,53,140465,user_645@example.com,787,0
2026-05-09T00:21:57.495384,5719,76,72188,user_646@example.com,626,0
2026-05-09T00:21:57.495384,3814,52,75099,user_647@example.com,841,1
2026-05-09T00:21:57.495384,4374,69,55262,user_648@example.com,364,0
2026-05-09T00:21:57.495384,2252,78,98213,user_649@example.com,591,0
2026-05-09T00:21:57.495384,7996,29,137407,user_650@example.com,324,0
2026-05-09T00:21:57.495384,5673,24,38268,user_651@example.com,848,0
2026-05-09T00:21:57.495384,5530,46,97866,user_652@example.com,300,0
2026-05-09T00:21:57.495384,7881,28,106269,user_653@example.com,848,0
2026-05-09T00:21:57.495384,7949,50,80545,user_654@example.com,440,1
2026-05-09T00:21:57.495384,7241,23,123483,user_655@example.com,487,0
2026-05-09T00:21:57.495384,9017,64,112822,user_656@example.com,427,0
2026-05-09T00:21:57.495384,7941,32,92146,user_657@example.com,500,0
2026-05-09T00:21:57.495384,8002,49,91966,user_658@example.com,426,0
2026-05-09T00:21:57.495384,2331,68,59922,user_659@example.com,556,0
2026-05-09T00:21:57.495384,5261,28,99364,user_660@example.com,846,0
2026-05-09T00:21:57.495384,8648,75,62913,user_661@example.com,493,0
2026-05-09T00:21:57.495384,6115,40,117033,user_662@example.com,403,1
2026-05-09T00:21:57.495384,5637,43,124792,user_663@example.com,834,0
2026-05-09T00:21:57.495384,5854,51,139425,user_664@example.com,564,0
2026-05-09T00:21:57.495384,4177,63,75677,user_665@example.com,683,0
2026-05-09T00:21:57.495384,8730,51,122154,user_666@example.com,559,1
2026-05-09T00:21:57.495384,3180,46,69841,user_667@example.com,713,0
2026-05-09T00:21:57.495384,5892,21,66332,user_668@example.com,657,0
2026-05-09T00:21:57.495384,8043,34,112062,user_669@example.com,374,0
2026-05-09T00:21:57.495384,1137,52,139863,user_670@example.com,654,0
2026-05-09T00:21:57.495384,7327,30,115694,user_671@example.com,487,0
2026-05-09T00:21:57.495384,4472,58,45032,user_672@example.com,589,0
2026-05-09T00:21:57.495384,6449,56,57846,user_673@example.com,344,0
2026-05-09T00:21:57.495384,3832,32,79474,user_674@example.com,382,0
2026-05-09T00:21:57.495384,4579,72,64936,user_675@example.com,422,1
2026-05-09T00:21:57.495384,6971,46,49794,user_676@example.com,657,0
2026-05-09T00:21:57.495384,5164,46,81588,user_677@example.com,827,0
2026-05-09T00:21:57.495384,8941,28,90984,user_678@example.com,365,0
2026-05-09T00:21:57.495384,6569,69,70331,user_679@example.com,674,1
2026-05-09T00:21:57.495384,5300,49,114397,user_680@example.com,461,0
2026-05-09T00:21:57.495384,7269,19,48141,user_681@example.com,679,1
2026-05-09T00:21:57.495384,4818,64,29074,user_682@example.com,657,0
2026-05-09T00:21:57.495384,2906,31,26406,user_683@example.com,487,0
2026-05-09T00:21:57.495384,7254,37,117359,user_684@example.com,621,1
2026-05-09T00:21:57.495384,1760,39,143279,user_685@example.com,749,0
2026-05-09T00:21:57.495384,8830,28,43291,user_686@example.com,773,0
2026-05-09T00:21:57.495384,8350,44,61568,user_687@example.com,312,1
2026-05-09T00:21:57.495384,7238,20,117539,user_688@example.com,483,0
2026-05-09T00:21:57.495384,7090,34,66851,user_689@example.com,410,0
2026-05-09T00:21:57.495384,7031,79,119942,user_690@example.com,807,0
2026-05-09T00:21:57.495384,8687,61,74823,user_691@example.com,589,0
2026-05-09T00:21:57.495384,9472,73,43312,user_692@example.com,594,0
2026-05-09T00:21:57.495384,2887,45,63108,user_693@example.com,750,0
2026-05-09T00:21:57.495384,4266,46,86918,user_694@example.com,514,0
2026-05-09T00:21:57.495384,1666,38,54171,user_695@example.com,326,0
2026-05-09T00:21:57.495384,5188,64,61779,user_696@example.com,530,0
2026-05-09T00:21:57.495384,1671,33,88828,user_697@example.com,620,1
2026-05-09T00:21:57.495384,7777,54,127315,user_698@example.com,532,0
2026-05-09T00:21:57.495384,8570,76,118723,user_699@example.com,736,1
2026-05-09T00:21:57.495384,8956,37,32411,user_700@example.com,832,0
2026-05-09T00:21:57.495384,6124,23,122821,user_701@example.com,702,0
2026-05-09T00:21:57.495384,6585,36,137990,user_702@example.com,352,0
2026-05-09T00:21:57.495384,5777,74,77009,user_703@example.com,612,0
2026-05-09T00:21:57.495384,4900,22,35422,user_704@example.com,580,0
2026-05-09T00:21:57.495384,7677,20,62468,user_705@example.com,330,0
2026-05-09T00:21:57.495384,7981,76,52371,user_706@example.com,636,0
2026-05-09T00:21:57.495384,7376,18,77022,user_707@example.com,482,1
2026-05-09T00:21:57.495384,1523,75,91229,user_708@example.com,322,0
2026-05-09T00:21:57.495384,3393,77,119071,user_709@example.com,843,0
2026-05-09T00:21:57.495384,3593,55,71196,user_710@example.com,745,0
2026-05-09T00:21:57.495384,8240,32,100354,user_711@example.com,373,0
2026-05-09T00:21:57.495384,7937,51,116774,user_712@example.com,309,0
2026-05-09T00:21:57.495384,7190,78,116410,user_713@example.com,783,0
2026-05-09T00:21:57.495384,6240,52,46715,user_714@example.com,755,1
2026-05-09T00:21:57.495384,7493,66,47605,user_715@example.com,459,0
2026-05-09T00:21:57.495384,3878,42,119853,user_716@example.com,313,0
2026-05-09T00:21:57.495384,5143,41,51174,user_717@example.com,477,0
2026-05-09T00:21:57.495384,4644,29,29956,user_718@example.com,711,0
2026-05-09T00:21:57.495384,5432,35,124444,user_719@example.com,352,0
2026-05-09T00:21:57.495384,2276,32,96373,user_720@example.com,707,0
2026-05-09T00:21:57.495384,6811,61,89252,user_721@example.com,321,0
2026-05-09T00:21:57.495384,1302,33,81949,user_722@example.com,329,0
2026-05-09T00:21:57.495384,1638,44,82646,user_723@example.com,559,0
2026-05-09T00:21:57.495384,1055,25,90017,user_724@example.com,504,0
2026-05-09T00:21:57.495384,9717,77,83037,user_725@example.com,358,0
2026-05-09T00:21:57.495384,9150,63,109818,user_726@example.com,770,0
2026-05-09T00:21:57.495384,3125,42,26548,user_727@example.com,765,0
2026-05-09T00:21:57.495384,1364,34,136981,user_728@example.com,311,1
2026-05-09T00:21:57.495384,7809,46,123141,user_729@example.com,589,1
2026-05-09T00:21:57.495384,5621,70,93294,user_730@example.com,653,1
2026-05-09T00:21:57.495384,6126,25,129204,user_731@example.com,374,0
2026-05-09T00:21:57.495384,6122,32,43177,user_732@example.com,740,0
2026-05-09T00:21:57.495384,2646,44,44022,user_733@example.com,540,0
2026-05-09T00:21:57.495384,1918,63,126297,user_734@example.com,453,1
2026-05-09T00:21:57.495384,3797,67,140695,user_735@example.com,395,0
2026-05-09T00:21:57.495384,7506,69,25542,user_736@example.com,593,1
2026-05-09T00:21:57.495384,6870,24,111012,user_737@example.com,508,1
2026-05-09T00:21:57.495384,2531,20,116320,user_738@example.com,642,0
2026-05-09T00:21:57.495384,9172,46,80428,user_739@example.com,387,0
2026-05-09T00:21:57.495384,4345,61,42740,user_740@example.com,689,0
2026-05-09T00:21:57.495384,8673,70,79353,user_741@example.com,624,1
2026-05-09T00:21:57.495384,7949,41,110353,user_742@example.com,456,0
2026-05-09T00:21:57.495384,7882,77,133132,user_743@example.com,436,1
2026-05-09T00:21:57.495384,2906,75,76532,user_744@example.com,727,0
2026-05-09T00:21:57.495384,4086,20,36052,user_745@example.com,751,0
2026-05-09T00:21:57.495384,9152,37,120689,user_746@example.com,440,1
2026-05-09T00:21:57.495384,6750,63,67076,user_747@example.com,382,0
2026-05-09T00:21:57.495384,9905,32,73420,user_748@example.com,476,0
2026-05-09T00:21:57.495384,2062,42,20671,user_749@example.com,497,0
2026-05-09T00:21:57.495384,2976,47,20163,user_750@example.com,720,0
2026-05-09T00:21:57.495384,2296,31,61424,user_751@example.com,700,0
2026-05-09T00:21:57.495384,7229,24,129538,user_752@example.com,770,0
2026-05-09T00:21:57.495384,8641,34,73744,user_753@example.com,517,1
2026-05-09T00:21:57.495384,1125,79,90331,user_754@example.com,474,1
2026-05-09T00:21:57.495384,5632,61,30634,user_755@example.com,322,0
2026-05-09T00:21:57.495384,7288,37,24798,user_756@example.com,534,0
2026-05-09T00:21:57.495384,4596,53,42420,user_757@example.com,312,0
2026-05-09T00:21:57.495384,7168,26,137043,user_758@example.com,400,0
2026-05-09T00:21:57.495384,8561,55,140575,user_759@example.com,835,1
2026-05-09T00:21:57.495384,9258,65,147158,user_760@example.com,822,0
2026-05-09T00:21:57.495384,1232,74,49300,user_761@example.com,751,0
2026-05-09T00:21:57.495384,7371,77,109881,user_762@example.com,730,0
2026-05-09T00:21:57.495384,5206,39,30749,user_763@example.com,832,0
2026-05-09T00:21:57.495384,8943,71,124131,user_764@example.com,592,0
2026-05-09T00:21:57.495384,7891,70,45121,user_765@example.com,400,0
2026-05-09T00:21:57.495384,7738,70,148563,user_766@example.com,801,0
2026-05-09T00:21:57.495384,3472,19,57487,user_767@example.com,603,0
2026-05-09T00:21:57.495384,3739,41,113947,user_768@example.com,839,0
2026-05-09T00:21:57.495384,6401,25,53361,user_769@example.com,654,0
2026-05-09T00:21:57.495384,2761,28,41223,user_770@example.com,602,0
2026-05-09T00:21:57.495384,1876,30,92930,user_771@example.com,795,0
2026-05-09T00:21:57.495384,4812,34,34056,user_772@example.com,526,0
2026-05-09T00:21:57.495384,2460,25,48380,user_773@example.com,535,0
2026-05-09T00:21:57.495384,2733,38,46035,user_774@example.com,754,0
2026-05-09T00:21:57.495384,2605,35,50620,user_775@example.com,312,0
2026-05-09T00:21:57.495384,6622,47,39877,user_776@example.com,509,1
2026-05-09T00:21:57.495384,7767,35,145481,user_777@example.com,696,1
2026-05-09T00:21:57.495384,7986,63,75316,user_778@example.com,399,0
2026-05-09T00:21:57.495384,4517,64,84041,user_779@example.com,330,1
2026-05-09T00:21:57.495384,4735,48,128940,user_780@example.com,827,0
2026-05-09T00:21:57.495384,9434,55,137360,user_781@example.com,628,0
2026-05-09T00:21:57.495384,3590,49,73352,user_782@example.com,465,0
2026-05-09T00:21:57.495384,2063,28,50911,user_783@example.com,758,0
2026-05-09T00:21:57.495384,5324,62,52784,user_784@example.com,399,0
2026-05-09T00:21:57.495384,6342,42,23191,user_785@example.com,472,0
2026-05-09T00:21:57.495384,1005,50,53160,user_786@example.com,461,0
2026-05-09T00:21:57.495384,8489,77,110536,user_787@example.com,562,0
2026-05-09T00:21:57.495384,9659,55,124576,user_788@example.com,573,0
2026-05-09T00:21:57.495384,9195,58,84641,user_789@example.com,302,1
2026-05-09T00:21:57.495384,6966,25,69723,user_790@example.com,327,0
2026-05-09T00:21:57.495384,9837,28,23631,user_791@example.com,625,0
2026-05-09T00:21:57.495384,1117,39,26172,user_792@example.com,448,0
2026-05-09T00:21:57.495384,3551,68,62080,user_793@example.com,839,0
2026-05-09T00:21:57.495384,6560,41,109097,user_794@example.com,787,0
2026-05-09T00:21:57.495384,5289,58,110353,user_795@example.com,737,0
2026-05-09T00:21:57.495384,1846,34,40281,user_796@example.com,364,0
2026-05-09T00:21:57.495384,7316,29,48671,user_797@example.com,655,0
2026-05-09T00:21:57.495384,7469,74,142811,user_798@example.com,832,0
2026-05-09T00:21:57.495384,9915,63,71431,user_799@example.com,551,0
2026-05-09T00:21:57.495384,1224,49,110900,user_800@example.com,534,0
2026-05-09T00:21:57.495384,5208,32,142139,user_801@example.com,526,0
2026-05-09T00:21:57.495384,7283,33,127210,user_802@example.com,824,0
2026-05-09T00:21:57.495384,3048,71,147734,user_803@example.com,612,0
2026-05-09T00:21:57.495384,7233,39,112961,user_804@example.com,348,1
2026-05-09T00:21:57.495384,2828,45,135463,user_805@example.com,417,1
2026-05-09T00:21:57.495384,2917,37,48602,user_806@example.com,353,1
2026-05-09T00:21:57.495384,5234,50,108789,user_807@example.com,343,0
2026-05-09T00:21:57.495384,7988,27,71399,user_808@example.com,352,0
2026-05-09T00:21:57.495384,3026,57,43472,user_809@example.com,824,0
2026-05-09T00:21:57.495384,4744,49,69230,user_810@example.com,401,0
2026-05-09T00:21:57.495384,1009,67,93616,user_811@example.com,697,0
2026-05-09T00:21:57.495384,1260,77,27099,user_812@example.com,437,0
2026-05-09T00:21:57.495384,7038,50,138614,user_813@example.com,686,1
2026-05-09T00:21:57.495384,3219,19,45431,user_814@example.com,410,0
2026-05-09T00:21:57.495384,8041,50,76492,user_815@example.com,316,1
2026-05-09T00:21:57.495384,3060,50,116722,user_816@example.com,481,0
2026-05-09T00:21:57.495384,6287,58,67684,user_817@example.com,835,0
2026-05-09T00:21:57.495384,2619,30,50111,user_818@example.com,840,0
2026-05-09T00:21:57.495384,9512,47,125387,user_819@example.com,470,0
2026-05-09T00:21:57.495384,2342,50,83936,user_820@example.com,708,0
2026-05-09T00:21:57.495384,3832,30,42614,user_821@example.com,677,0
2026-05-09T00:21:57.495384,3824,69,112260,user_822@example.com,487,0
2026-05-09T00:21:57.495384,2994,43,61991,user_823@example.com,529,0
2026-05-09T00:21:57.495384,4490,39,90476,user_824@example.com,418,1
2026-05-09T00:21:57.495384,8984,56,137959,user_825@example.com,455,1
2026-05-09T00:21:57.495384,2604,19,80920,user_826@example.com,764,1
2026-05-09T00:21:57.495384,1235,55,114294,user_827@example.com,403,0
2026-05-09T00:21:57.495384,2908,56,83530,user_828@example.com,801,0
2026-05-09T00:21:57.495384,9567,43,56224,user_829@example.com,474,0
2026-05-09T00:21:57.495384,4530,63,27788,user_830@example.com,720,0
2026-05-09T00:21:57.495384,6256,75,48082,user_831@example.com,433,0
2026-05-09T00:21:57.495384,3635,67,143287,user_832@example.com,690,0
2026-05-09T00:21:57.495384,9162,32,109570,user_833@example.com,800,0
2026-05-09T00:21:57.495384,3560,51,121015,user_834@example.com,332,0
2026-05-09T00:21:57.495384,6415,59,96816,user_835@example.com,354,0
2026-05-09T00:21:57.495384,4391,72,103588,user_836@example.com,818,0
2026-05-09T00:21:57.495384,6951,61,36531,user_837@example.com,311,0
2026-05-09T00:21:57.495384,6468,66,108340,user_838@example.com,827,0
2026-05-09T00:21:57.495384,9007,57,114439,user_839@example.com,672,0
2026-05-09T00:21:57.495384,7413,28,64857,user_840@example.com,783,0
2026-05-09T00:21:57.495384,7941,78,30142,user_841@example.com,527,0
2026-05-09T00:21:57.495384,5820,20,135053,user_842@example.com,606,0
2026-05-09T00:21:57.495384,3898,76,68355,user_843@example.com,756,0
2026-05-09T00:21:57.495384,8546,23,29866,user_844@example.com,459,0
2026-05-09T00:21:57.495384,1077,26,90067,user_845@example.com,630,0
2026-05-09T00:21:57.495384,8577,23,130990,user_846@example.com,524,0
2026-05-09T00:21:57.495384,5227,26,123634,user_847@example.com,803,1
2026-05-09T00:21:57.495384,1600,56,123814,user_848@example.com,755,0
2026-05-09T00:21:57.495384,2065,48,145426,user_849@example.com,344,0
2026-05-09T00:21:57.495384,3136,49,84027,user_850@example.com,513,0
2026-05-09T00:21:57.495384,7943,58,77906,user_851@example.com,358,0
2026-05-09T00:21:57.495384,8804,67,48138,user_852@example.com,494,0
2026-05-09T00:21:57.495384,7565,29,112601,user_853@example.com,788,0
2026-05-09T00:21:57.495384,6984,25,49956,user_854@example.com,456,0
2026-05-09T00:21:57.495384,6142,25,127268,user_855@example.com,525,0
2026-05-09T00:21:57.495384,5670,67,124797,user_856@example.com,711,0
2026-05-09T00:21:57.495384,3190,45,144917,user_857@example.com,504,0
2026-05-09T00:21:57.495384,3712,79,146303,user_858@example.com,378,1
2026-05-09T00:21:57.495384,3192,37,96295,user_859@example.com,423,0
2026-05-09T00:21:57.495384,2248,79,25439,user_860@example.com,770,1
2026-05-09T00:21:57.495384,5033,64,67241,user_861@example.com,517,0
2026-05-09T00:21:57.495384,2997,76,62533,user_862@example.com,815,1
2026-05-09T00:21:57.495384,4687,24,48270,user_863@example.com,403,1
2026-05-09T00:21:57.495384,5018,28,98815,user_864@example.com,692,0
2026-05-09T00:21:57.495384,2970,37,59279,user_865@example.com,733,0
2026-05-09T00:21:57.495384,9389,33,129787,user_866@example.com,630,0
2026-05-09T00:21:57.495384,6765,21,43888,user_867@example.com,442,0
2026-05-09T00:21:57.495384,2202,23,37630,user_868@example.com,839,0
2026-05-09T00:21:57.495384,9135,75,81063,user_869@example.com,577,0
2026-05-09T00:21:57.495384,6567,39,138527,user_870@example.com,532,0
2026-05-09T00:21:57.495384,8667,43,143239,user_871@example.com,828,0
2026-05-09T00:21:57.495384,6742,20,147896,user_872@example.com,389,1
2026-05-09T00:21:57.495384,6788,58,55144,user_873@example.com,791,0
2026-05-09T00:21:57.495384,6408,77,72161,user_874@example.com,498,0
2026-05-09T00:21:57.495384,9669,59,116718,user_875@example.com,661,0
2026-05-09T00:21:57.495384,1922,31,145873,user_876@example.com,740,1
2026-05-09T00:21:57.495384,1419,28,111074,user_877@example.com,325,0
2026-05-09T00:21:57.495384,3204,35,97360,user_878@example.com,324,0
2026-05-09T00:21:57.495384,2120,71,70979,user_879@example.com,693,0
2026-05-09T00:21:57.495384,1950,29,117661,user_880@example.com,806,0
2026-05-09T00:21:57.495384,3336,40,26979,user_881@example.com,600,0
2026-05-09T00:21:57.495384,6373,29,46189,user_882@example.com,638,1
2026-05-09T00:21:57.495384,3243,30,62600,user_883@example.com,566,0
2026-05-09T00:21:57.495384,3645,42,79560,user_884@example.com,760,0
2026-05-09T00:21:57.495384,5612,62,98040,user_885@example.com,755,1
2026-05-09T00:21:57.495384,2865,68,143257,user_886@example.com,659,0
2026-05-09T00:21:57.495384,7028,75,81558,user_887@example.com,367,0
2026-05-09T00:21:57.495384,8326,36,106205,user_888@example.com,711,1
2026-05-09T00:21:57.495384,7371,72,26910,user_889@example.com,790,0
2026-05-09T00:21:57.495384,7359,63,77713,user_890@example.com,348,0
2026-05-09T00:21:57.495384,8863,53,66857,user_891@example.com,401,0
2026-05-09T00:21:57.495384,4228,62,54964,user_892@example.com,515,0
2026-05-09T00:21:57.495384,4719,25,105667,user_893@example.com,737,0
2026-05-09T00:21:57.495384,3371,46,45227,user_894@example.com,458,0
2026-05-09T00:21:57.495384,3891,72,25978,user_895@example.com,788,0
2026-05-09T00:21:57.495384,4756,70,107527,user_896@example.com,541,1
2026-05-09T00:21:57.495384,5225,72,37153,user_897@example.com,304,0
2026-05-09T00:21:57.495384,1094,49,79765,user_898@example.com,660,1
2026-05-09T00:21:57.495384,3674,68,119084,user_899@example.com,758,1
2026-05-09T00:21:57.495384,7898,61,128212,user_900@example.com,547,0
2026-05-09T00:21:57.495384,1793,35,59071,user_901@example.com,721,0
2026-05-09T00:21:57.495384,3116,23,132990,user_902@example.com,314,0
2026-05-09T00:21:57.495384,6779,35,89519,user_903@example.com,421,0
2026-05-09T00:21:57.495384,7166,36,29503,user_904@example.com,576,1
2026-05-09T00:21:57.495384,1814,39,80703,user_905@example.com,752,0
2026-05-09T00:21:57.495384,1345,54,84379,user_906@example.com,689,0
2026-05-09T00:21:57.495384,9554,49,115457,user_907@example.com,593,0
2026-05-09T00:21:57.495384,3443,73,77866,user_908@example.com,745,0
2026-05-09T00:21:57.495384,8783,58,36905,user_909@example.com,509,0
2026-05-09T00:21:57.495384,1984,76,65838,user_910@example.com,601,0
2026-05-09T00:21:57.495384,8790,20,145200,user_911@example.com,522,0
2026-05-09T00:21:57.495384,1827,45,78279,user_912@example.com,302,0
2026-05-09T00:21:57.495384,4531,27,109489,user_913@example.com,817,0
2026-05-09T00:21:57.495384,8147,68,46806,user_914@example.com,392,0
2026-05-09T00:21:57.495384,5451,52,65000,user_915@example.com,819,0
2026-05-09T00:21:57.495384,4876,78,42168,user_916@example.com,727,1
2026-05-09T00:21:57.495384,6959,46,90119,user_917@example.com,792,0
2026-05-09T00:21:57.495384,1126,71,58714,user_918@example.com,534,0
2026-05-09T00:21:57.495384,4177,32,74093,user_919@example.com,460,0
2026-05-09T00:21:57.495384,9795,50,75419,user_920@example.com,630,0
2026-05-09T00:21:57.495384,7024,24,69145,user_921@example.com,632,1
2026-05-09T00:21:57.495384,6109,29,125432,user_922@example.com,349,0
2026-05-09T00:21:57.495384,5146,66,97425,user_923@example.com,822,0
2026-05-09T00:21:57.495384,8196,47,112949,user_924@example.com,791,0
2026-05-09T00:21:57.495384,4368,38,97811,user_925@example.com,571,0
2026-05-09T00:21:57.495384,4797,48,22461,user_926@example.com,551,0
2026-05-09T00:21:57.495384,2792,75,34291,user_927@example.com,389,0
2026-05-09T00:21:57.495384,6732,78,66804,user_928@example.com,745,0
2026-05-09T00:21:57.495384,4476,41,96971,user_929@example.com,631,0
2026-05-09T00:21:57.495384,4417,37,113471,user_930@example.com,438,0
2026-05-09T00:21:57.495384,2645,54,84946,user_931@example.com,656,1
2026-05-09T00:21:57.495384,4030,21,118989,user_932@example.com,573,0
2026-05-09T00:21:57.495384,3872,45,104080,user_933@example.com,318,0
2026-05-09T00:21:57.495384,4072,61,141719,user_934@example.com,610,0
2026-05-09T00:21:57.495384,2854,79,81332,user_935@example.com,453,1
2026-05-09T00:21:57.495384,5021,37,97794,user_936@example.com,689,0
2026-05-09T00:21:57.495384,5662,77,50841,user_937@example.com,559,1
2026-05-09T00:21:57.495384,7514,41,144447,user_938@example.com,424,0
2026-05-09T00:21:57.495384,6031,67,140029,user_939@example.com,653,0
2026-05-09T00:21:57.495384,3708,66,68758,user_940@example.com,572,0
2026-05-09T00:21:57.495384,8112,68,134726,user_941@example.com,544,0
2026-05-09T00:21:57.495384,9393,49,96272,user_942@example.com,749,0
2026-05-09T00:21:57.495384,4507,58,57643,user_943@example.com,546,0
2026-05-09T00:21:57.495384,7456,53,70408,user_944@example.com,819,0
2026-05-09T00:21:57.495384,5212,75,63950,user_945@example.com,440,0
2026-05-09T00:21:57.495384,8970,70,76849,user_946@example.com,661,0
2026-05-09T00:21:57.495384,9766,51,120500,user_947@example.com,307,0
2026-05-09T00:21:57.495384,1536,53,48044,user_948@example.com,777,0
2026-05-09T00:21:57.495384,2625,19,125469,user_949@example.com,651,0
2026-05-09T00:21:57.495384,8973,32,145588,user_950@example.com,794,0
2026-05-09T00:21:57.495384,9577,51,35997,user_951@example.com,726,0
2026-05-09T00:21:57.495384,9070,53,99751,user_952@example.com,338,1
2026-05-09T00:21:57.495384,9666,23,118605,user_953@example.com,486,0
2026-05-09T00:21:57.495384,9609,56,43911,user_954@example.com,392,0
2026-05-09T00:21:57.495384,7490,59,75533,user_955@example.com,385,0
2026-05-09T00:21:57.495384,4600,68,102566,user_956@example.com,343,1
2026-05-09T00:21:57.495384,7783,68,114870,user_957@example.com,436,0
2026-05-09T00:21:57.495384,5971,75,34571,user_958@example.com,720,0
2026-05-09T00:21:57.495384,2205,71,128255,user_959@example.com,373,1
2026-05-09T00:21:57.495384,2990,78,149226,user_960@example.com,847,0
2026-05-09T00:21:57.495384,6299,29,114463,user_961@example.com,811,0
2026-05-09T00:21:57.495384,4572,20,77941,user_962@example.com,455,0
2026-05-09T00:21:57.495384,6975,62,78005,user_963@example.com,554,0
2026-05-09T00:21:57.495384,7320,35,106250,user_964@example.com,470,0
2026-05-09T00:21:57.495384,5380,57,78712,user_965@example.com,469,1
2026-05-09T00:21:57.495384,5757,38,63541,user_966@example.com,621,0
2026-05-09T00:21:57.495384,3713,32,43387,user_967@example.com,755,1
2026-05-09T00:21:57.495384,6588,50,113980,user_968@example.com,454,0
2026-05-09T00:21:57.495384,1966,52,68908,user_969@example.com,648,0
2026-05-09T00:21:57.495384,5944,43,105457,user_970@example.com,750,0
2026-05-09T00:21:57.495384,4432,25,33057,user_971@example.com,472,0
2026-05-09T00:21:57.495384,1688,53,84028,user_972@example.com,309,0
2026-05-09T00:21:57.495384,5243,65,130804,user_973@example.com,564,0
2026-05-09T00:21:57.495384,4701,47,139246,user_974@example.com,737,0
2026-05-09T00:21:57.495384,9533,40,75731,user_975@example.com,546,0
2026-05-09T00:21:57.495384,6182,59,44858,user_976@example.com,845,0
2026-05-09T00:21:57.495384,7704,61,68689,user_977@example.com,798,0
2026-05-09T00:21:57.495384,5422,31,64638,user_978@example.com,428,0
2026-05-09T00:21:57.495384,2759,31,111598,user_979@example.com,626,0
2026-05-09T00:21:57.495384,3482,19,122386,user_980@example.com,703,0
2026-05-09T00:21:57.495384,9058,72,66486,user_981@example.com,658,1
2026-05-09T00:21:57.495384,1951,54,40567,user_982@example.com,316,0
2026-05-09T00:21:57.495384,9914,22,49739,user_983@example.com,573,0
2026-05-09T00:21:57.495384,3079,55,77804,user_984@example.com,415,0
2026-05-09T00:21:57.495384,3717,62,128821,user_985@example.com,390,0
2026-05-09T00:21:57.495384,5524,58,23754,user_986@example.com,381,0
2026-05-09T00:21:57.495384,9477,79,47044,user_987@example.com,623,1
2026-05-09T00:21:57.495384,8311,71,87260,user_988@example.com,413,1
2026-05-09T00:21:57.495384,8186,77,86912,user_989@example.com,357,0
2026-05-09T00:21:57.495384,3065,78,145623,user_990@example.com,453,0
2026-05-09T00:21:57.495384,1768,64,28706,user_991@example.com,703,0
2026-05-09T00:21:57.495384,6490,31,28894,user_992@example.com,565,0
2026-05-09T00:21:57.495384,7645,73,38037,user_993@example.com,614,0
2026-05-09T00:21:57.495384,6083,56,103986,user_994@example.com,340,0
2026-05-09T00:21:57.495384,6232,42,101942,user_995@example.com,404,0
2026-05-09T00:21:57.495384,6797,37,71612,user_996@example.com,492,0
2026-05-09T00:21:57.495384,5926,19,49725,user_997@example.com,700,0
2026-05-09T00:21:57.495384,7016,56,25926,user_998@example.com,577,1
2026-05-09T00:21:57.495384,4335,23,124555,user_999@example.com,653,0
